-- phpMyAdmin SQL Dump
-- version 5.2.1
-- https://www.phpmyadmin.net/
--
-- Host: 127.0.0.1
-- Generation Time: May 19, 2025 at 06:32 AM
-- Server version: 10.4.32-MariaDB
-- PHP Version: 8.2.12

SET SQL_MODE = "NO_AUTO_VALUE_ON_ZERO";
START TRANSACTION;
SET time_zone = "+00:00";


/*!40101 SET @OLD_CHARACTER_SET_CLIENT=@@CHARACTER_SET_CLIENT */;
/*!40101 SET @OLD_CHARACTER_SET_RESULTS=@@CHARACTER_SET_RESULTS */;
/*!40101 SET @OLD_COLLATION_CONNECTION=@@COLLATION_CONNECTION */;
/*!40101 SET NAMES utf8mb4 */;

--
-- Database: `e_smsdb`
--

-- --------------------------------------------------------

--
-- Table structure for table `attendance`
--

CREATE TABLE `attendance` (
  `id` int(11) NOT NULL,
  `date` varchar(50) NOT NULL,
  `day` varchar(11) NOT NULL,
  `student_id` varchar(255) NOT NULL,
  `status` varchar(20) NOT NULL,
  `school_id` int(11) NOT NULL
) ENGINE=InnoDB DEFAULT CHARSET=utf8mb4 COLLATE=utf8mb4_general_ci;

--
-- Dumping data for table `attendance`
--

INSERT INTO `attendance` (`id`, `date`, `day`, `student_id`, `status`, `school_id`) VALUES
(3, '2025-02-11', 'Tuesday', 'ID67a91229a0d432.54460126', 'present', 1),
(11, '2025-02-13', 'Thursday ', 'ID67a91229a0d432.54460126', 'present', 1),
(12, '2025-02-13', 'Thursday ', 'ID67ae146836ddc3.72912548', 'present', 1),
(17, '2025-02-14', 'Friday', 'ID67a91229a0d432.54460126', 'present', 1),
(18, '2025-02-14', 'Friday', 'ID67ae146836ddc3.72912548', 'absent', 1),
(20, '2025-02-24', 'Monday', 'ID67a91229a0d432.54460126', 'present', 1),
(21, '2025-02-24', 'Monday', 'ID67ae146836ddc3.72912548', 'absent', 1),
(23, '2025-02-26', 'Wednesday', 'ID67a91229a0d432.54460126', 'absent', 1),
(24, '2025-02-26', 'Wednesday', 'ID67ae146836ddc3.72912548', 'present', 1),
(26, '2025-03-02', 'Sunday', 'ID67a91229a0d432.54460126', 'present', 1),
(27, '2025-03-02', 'Sunday', 'ID67ae146836ddc3.72912548', 'absent', 1),
(28, '2025-03-02', 'Sunday', 'ID67ae154276b083.96317429', 'present', 1),
(29, '2025-03-16', 'Sunday', 'ID67a91229a0d432.54460126', 'absent', 1),
(30, '2025-03-16', 'Sunday', 'ID67ae146836ddc3.72912548', 'present', 1),
(31, '2025-03-16', 'Sunday', 'ID67ae154276b083.96317429', 'present', 1),
(32, '2025-03-18', 'Tuesday', 'ID67a91229a0d432.54460126', 'absent', 1),
(33, '2025-03-18', 'Tuesday', 'ID67ae146836ddc3.72912548', 'present', 1),
(34, '2025-03-18', 'Tuesday', 'ID67ae154276b083.96317429', 'present', 1),
(35, '2025-03-23', 'Sunday', 'ID67a91229a0d432.54460126', 'present', 1),
(36, '2025-03-23', 'Sunday', 'ID67ae146836ddc3.72912548', 'absent', 1),
(37, '2025-03-23', 'Sunday', 'ID67ae154276b083.96317429', 'present', 1),
(38, '2025-03-27', 'Thursday', 'ID67a91229a0d432.54460126', 'absent', 1),
(39, '2025-03-27', 'Thursday', 'ID67ae146836ddc3.72912548', 'present', 1),
(40, '2025-03-27', 'Thursday', 'ID67ae154276b083.96317429', 'present', 1),
(41, '2025-04-02', 'Wednesday', 'ID67a91229a0d432.54460126', 'present', 1),
(42, '2025-04-02', 'Wednesday', 'ID67ae146836ddc3.72912548', 'absent', 1),
(43, '2025-04-02', 'Wednesday', 'ID67ae154276b083.96317429', 'present', 1),
(44, '2025-04-03', 'Thursday', 'ID67c4679f13f453.33403629', 'present', 1),
(45, '2025-04-03', 'Thursday', 'ID67a91229a0d432.54460126', 'present', 1),
(46, '2025-04-03', 'Thursday', 'ID67ae146836ddc3.72912548', 'absent', 1),
(47, '2025-04-03', 'Thursday', 'ID67ae154276b083.96317429', 'present', 1),
(48, '2025-04-07', 'Monday', 'ID67a91229a0d432.54460126', 'present', 1),
(49, '2025-04-07', 'Monday', 'ID67ae146836ddc3.72912548', 'present', 1),
(50, '2025-04-07', 'Monday', 'ID67ae154276b083.96317429', 'absent', 1),
(51, '2025-04-09', 'Wednesday', 'ID67a91229a0d432.54460126', 'absent', 1),
(52, '2025-04-09', 'Wednesday', 'ID67ae146836ddc3.72912548', 'present', 1),
(53, '2025-04-09', 'Wednesday', 'ID67ae154276b083.96317429', 'present', 1),
(54, '2025-04-09', 'Wednesday', 'ID67f45da24ce1d3.82759712', 'absent', 1),
(55, '2025-04-11', 'Friday', 'ID67a91229a0d432.54460126', 'present', 0),
(56, '2025-04-11', 'Friday', 'ID67a91229a0d432.54460126', 'absent', 0),
(57, '2025-04-11', 'Friday', 'ID67a91229a0d432.54460126', 'present', 0),
(58, '2025-04-11', 'Friday', 'ID67a91229a0d432.54460126', 'absent', 0),
(59, '2025-04-11', 'Friday', 'ID67ae146836ddc3.72912548', 'absent', 0),
(60, '2025-04-11', 'Friday', 'ID67ae154276b083.96317429', 'absent', 0),
(61, '2025-04-11', 'Friday', 'ID67f45da24ce1d3.82759712', 'absent', 0),
(62, '2025-04-12', 'Saturday', 'ID67ae146836ddc3.72912548', 'absent', 0),
(63, '2025-04-12', 'Saturday', 'ID67a91229a0d432.54460126', 'present', 0),
(64, '2025-04-12', 'Saturday', 'ID67ae154276b083.96317429', 'present', 0),
(65, '2025-04-12', 'Saturday', 'ID67f45da24ce1d3.82759712', 'absent', 0),
(66, '2025-04-12', 'Saturday', 'ID67c4679f13f453.33403629', 'present', 0),
(67, '2025-04-14', 'Monday', 'ID67a91229a0d432.54460126', 'absent', 0),
(68, '2025-04-14', 'Monday', 'ID67ae146836ddc3.72912548', 'present', 0),
(69, '2025-04-14', 'Monday', 'ID67ae154276b083.96317429', 'present', 0),
(70, '2025-04-14', 'Monday', 'ID67f45da24ce1d3.82759712', 'absent', 0),
(71, '2025-04-14', 'Monday', 'ID67c4679f13f453.33403629', 'present', 0),
(73, '2025-04-14', 'Monday', 'ID67f46245c4c2d7.53856666', 'present', 0),
(74, '2025-04-14', 'Monday', 'ID67f58b4554c6b9.90531333', 'present', 0),
(75, '2025-04-14', 'Monday', 'ID67f58b71027772.44734149', 'present', 0),
(76, '2025-04-14', 'Monday', 'ID67f58b88a50b06.82568008', 'absent', 0),
(77, '2025-04-14', 'Monday', 'ID67f58ba9b4c030.85486313', 'absent', 0),
(78, '2025-04-14', 'Monday', 'ID67f58c3a427bc7.45396973', 'present', 0),
(79, '2025-04-14', 'Monday', 'ID67f836609e3590.99352512', 'absent', 0),
(80, '2025-04-14', 'Monday', 'ID67f8371eb5f635.07730886', 'absent', 0),
(81, '2025-04-14', 'Monday', 'ID67f4488c571ee7.00401299', 'present', 0),
(82, '2025-05-02', 'Friday', 'ID67a91229a0d432.54460126', 'present', 1),
(83, '2025-05-02', 'Friday', 'ID67ae146836ddc3.72912548', 'absent', 1),
(84, '2025-05-03', 'Saturday', 'ID67a91229a0d432.54460126', 'present', 1),
(85, '2025-05-03', 'Saturday', 'ID67ae146836ddc3.72912548', 'absent', 1),
(86, '2025-05-03', 'Saturday', 'ID67ae154276b083.96317429', 'present', 1),
(87, '2025-05-03', 'Saturday', 'ID67f45da24ce1d3.82759712', 'absent', 1),
(88, '2025-05-03', 'Saturday', 'ID67c4679f13f453.33403629', 'absent', 1),
(89, '2025-05-03', 'Saturday', 'ID67f4488c571ee7.00401299', 'present', 1),
(90, '2025-05-04', 'Sunday', 'ID67a91229a0d432.54460126', 'present', 1),
(91, '2025-05-04', 'Sunday', 'ID67ae146836ddc3.72912548', 'absent', 1),
(92, '2025-05-04', 'Sunday', 'ID67ae154276b083.96317429', 'absent', 1),
(93, '2025-05-04', 'Sunday', 'ID67f45da24ce1d3.82759712', 'absent', 1),
(95, '2025-05-05', 'Monday', 'ID67f4488c571ee7.00401299', 'present', 1),
(96, '2025-05-05', 'Monday', 'ID67f46245c4c2d7.53856666', 'present', 1),
(97, '2025-05-05', 'Monday', 'ID67f58b4554c6b9.90531333', 'present', 1),
(98, '2025-05-05', 'Monday', 'ID67f58b71027772.44734149', 'present', 1),
(99, '2025-05-05', 'Monday', 'ID67f58b88a50b06.82568008', 'absent', 1),
(100, '2025-05-05', 'Monday', 'ID67f58ba9b4c030.85486313', 'present', 1),
(101, '2025-05-05', 'Monday', 'ID67f58c3a427bc7.45396973', 'present', 1),
(102, '2025-05-05', 'Monday', 'ID67a91229a0d432.54460126', 'absent', 1),
(103, '2025-05-05', 'Monday', 'ID67ae146836ddc3.72912548', 'present', 1),
(104, '2025-05-05', 'Monday', 'ID67ae154276b083.96317429', 'absent', 1),
(105, '2025-05-05', 'Monday', 'ID67f45da24ce1d3.82759712', 'present', 1),
(106, '2025-05-05', 'Monday', 'ID67c4679f13f453.33403629', 'absent', 1),
(107, '2025-05-13', 'Tuesday', 'ID67a91229a0d432.54460126', 'present', 1),
(108, '2025-05-13', 'Tuesday', 'ID67ae146836ddc3.72912548', 'present', 1),
(109, '2025-05-13', 'Tuesday', 'ID67ae154276b083.96317429', 'absent', 1),
(110, '2025-05-13', 'Tuesday', 'ID67f45da24ce1d3.82759712', 'absent', 1),
(111, '2025-05-19', 'Monday', 'ID67f8371eb5f635.07730886', 'present', 2),
(112, '2025-05-19', 'Monday', 'ID67f836609e3590.99352512', 'absent', 2);

-- --------------------------------------------------------

--
-- Table structure for table `class`
--

CREATE TABLE `class` (
  `id` int(11) NOT NULL,
  `class_name` varchar(255) NOT NULL,
  `school_id` int(11) NOT NULL
) ENGINE=InnoDB DEFAULT CHARSET=utf8mb4 COLLATE=utf8mb4_general_ci;

--
-- Dumping data for table `class`
--

INSERT INTO `class` (`id`, `class_name`, `school_id`) VALUES
(1, 'FORM ONE', 1),
(2, 'FORM TWO', 1),
(3, 'FIRST YEAR', 1),
(4, 'FORM TWO', 2),
(5, 'FORM SIX', 1),
(6, 'FORM SIX', 2);

-- --------------------------------------------------------

--
-- Table structure for table `exam`
--

CREATE TABLE `exam` (
  `id` int(11) NOT NULL,
  `exam_name` varchar(255) NOT NULL,
  `school_id` int(11) NOT NULL
) ENGINE=InnoDB DEFAULT CHARSET=utf8mb4 COLLATE=utf8mb4_general_ci;

--
-- Dumping data for table `exam`
--

INSERT INTO `exam` (`id`, `exam_name`, `school_id`) VALUES
(4, 'Midterm Test 1', 1),
(5, 'Midterm Test 2', 1),
(6, 'Competance Exam', 1);

-- --------------------------------------------------------

--
-- Table structure for table `fee_categories`
--

CREATE TABLE `fee_categories` (
  `id` int(11) NOT NULL,
  `name` varchar(100) NOT NULL,
  `amount` decimal(10,2) NOT NULL,
  `created_at` timestamp NOT NULL DEFAULT current_timestamp()
) ENGINE=InnoDB DEFAULT CHARSET=utf8mb4 COLLATE=utf8mb4_general_ci;

--
-- Dumping data for table `fee_categories`
--

INSERT INTO `fee_categories` (`id`, `name`, `amount`, `created_at`) VALUES
(1, 'Tuition Fee', 500.00, '2025-04-10 23:11:52'),
(2, 'Tuition Fee', 500.00, '2025-04-10 23:13:22'),
(3, 'Tuition Fee', 500.00, '2025-04-10 23:13:24'),
(4, 'Tuition Fee', 500.00, '2025-04-10 23:15:37'),
(5, 'Tuition Fee', 500.00, '2025-04-10 23:15:38'),
(6, 'Tuition Fee', 500.00, '2025-04-10 23:15:38'),
(7, 'Tuition Fee', 500.00, '2025-04-10 23:15:38'),
(8, 'Tuition Fee', 500.00, '2025-04-10 23:15:38'),
(9, 'Tuition Fee', 500.00, '2025-04-10 23:15:39');

-- --------------------------------------------------------

--
-- Table structure for table `fee_payments`
--

CREATE TABLE `fee_payments` (
  `id` int(11) NOT NULL,
  `student_fee_id` int(11) NOT NULL,
  `amount_paid` decimal(10,2) NOT NULL,
  `payment_date` date NOT NULL,
  `mode` varchar(50) DEFAULT NULL,
  `receipt_no` varchar(100) DEFAULT NULL,
  `uploaded_proof` varchar(255) DEFAULT NULL,
  `created_at` timestamp NOT NULL DEFAULT current_timestamp()
) ENGINE=InnoDB DEFAULT CHARSET=utf8mb4 COLLATE=utf8mb4_general_ci;

--
-- Dumping data for table `fee_payments`
--

INSERT INTO `fee_payments` (`id`, `student_fee_id`, `amount_paid`, `payment_date`, `mode`, `receipt_no`, `uploaded_proof`, `created_at`) VALUES
(1, 1, 250.00, '2025-04-10', 'Bank Transfer', 'ABC123', 'receipt.jpg', '2025-04-10 23:13:22'),
(2, 1, 250.00, '2025-04-10', 'Bank Transfer', 'ABC123', 'receipt.jpg', '2025-04-10 23:13:24'),
(3, 1, 250.00, '2025-04-10', 'Bank Transfer', 'ABC123', 'receipt.jpg', '2025-04-10 23:15:37'),
(4, 1, 250.00, '2025-04-10', 'Bank Transfer', 'ABC123', 'receipt.jpg', '2025-04-10 23:15:38'),
(5, 1, 250.00, '2025-04-10', 'Bank Transfer', 'ABC123', 'receipt.jpg', '2025-04-10 23:15:38'),
(6, 1, 250.00, '2025-04-10', 'Bank Transfer', 'ABC123', 'receipt.jpg', '2025-04-10 23:15:38'),
(7, 1, 250.00, '2025-04-10', 'Bank Transfer', 'ABC123', 'receipt.jpg', '2025-04-10 23:15:38'),
(8, 1, 250.00, '2025-04-10', 'Bank Transfer', 'ABC123', 'receipt.jpg', '2025-04-10 23:15:39');

-- --------------------------------------------------------

--
-- Table structure for table `login_history`
--

CREATE TABLE `login_history` (
  `id` int(11) NOT NULL,
  `user_id` varchar(255) DEFAULT NULL,
  `ip_address` varchar(45) DEFAULT NULL,
  `browser` varchar(100) DEFAULT NULL,
  `platform` varchar(100) DEFAULT NULL,
  `device_type` varchar(50) DEFAULT NULL,
  `login_time` datetime DEFAULT current_timestamp(),
  `login_status` varchar(255) NOT NULL,
  `school_id` int(11) NOT NULL
) ENGINE=InnoDB DEFAULT CHARSET=utf8mb4 COLLATE=utf8mb4_general_ci;

--
-- Dumping data for table `login_history`
--

INSERT INTO `login_history` (`id`, `user_id`, `ip_address`, `browser`, `platform`, `device_type`, `login_time`, `login_status`, `school_id`) VALUES
(1, NULL, '127.0.0.1', 'Edge 135.0.0.0', 'Windows 10.0', 'Desktop', '2025-04-09 14:33:00', 'Success', 1),
(2, 'ID67015d92d60128.06247950', '127.0.0.1', 'Edge 135.0.0.0', 'Windows 10.0', 'Desktop', '2025-04-09 14:38:23', 'Success', 1),
(3, 'ID67015d92d60128.06247950', '127.0.0.1', 'Edge 135.0.0.0', 'Windows 10.0', 'Desktop', '2025-04-09 14:38:57', 'Failed - Invalid Password', 1),
(4, 'ID67015d92d60128.06247950', '127.0.0.1', 'Edge 135.0.0.0', 'Windows 10.0', 'Desktop', '2025-04-09 14:40:54', 'Failed - Invalid Password', 1),
(5, 'ID67015d92d60128.06247950', '127.0.0.1', 'Edge 135.0.0.0', 'Windows 10.0', 'Desktop', '2025-04-09 14:50:02', 'Success', 1),
(6, 'ID67015d92d60128.06247950', '127.0.0.1', 'Edge 135.0.0.0', 'Windows 10.0', 'Desktop', '2025-04-09 14:52:24', 'Success', 1),
(7, 'ID67015d92d60128.06247950', '::1', 'Chrome 108.0.0.0', 'Windows 10.0', 'Desktop', '2025-04-09 14:56:31', 'Success', 1),
(8, 'ID67015d92d60128.06247950', '::1', 'Chrome 108.0.0.0', 'Windows 10.0', 'Desktop', '2025-04-09 17:21:36', 'Success', 1),
(9, 'ID67015d92d60128.06247950', '::1', 'Chrome 108.0.0.0', 'Windows 10.0', 'Desktop', '2025-04-09 17:21:37', 'Success', 1),
(10, 'ID67015d92d60128.06247950', '127.0.0.1', 'Edge 135.0.0.0', 'Windows 10.0', 'Desktop', '2025-04-09 17:57:37', 'Success', 1),
(11, 'ID67015d92d60128.06247950', '127.0.0.1', 'Edge 135.0.0.0', 'Windows 10.0', 'Desktop', '2025-04-09 19:06:24', 'Success', 1),
(12, 'ID67015d92d60128.06247950', '172.29.64.1', 'Chrome 133.0.0.0', 'AndroidOS 10', 'Mobile', '2025-04-09 19:12:57', 'Success', 1),
(13, 'ID67015d92d60128.06247950', '172.29.64.1', 'Chrome 133.0.0.0', 'AndroidOS 10', 'Mobile', '2025-04-09 19:14:11', 'Success', 1),
(14, 'ID67015d92d60128.06247950', '127.0.0.1', 'Edge 135.0.0.0', 'Windows 10.0', 'Desktop', '2025-04-09 19:19:29', 'Success', 1),
(15, 'ID67e659d7e890d3.16823785', '127.0.0.1', 'Edge 135.0.0.0', 'Windows 10.0', 'Desktop', '2025-04-09 23:13:03', 'Success', 0),
(16, 'ID67015d92d60128.06247950', '127.0.0.1', 'Edge 135.0.0.0', 'Windows 10.0', 'Desktop', '2025-04-09 23:13:21', 'Success', 0),
(17, 'ID67015d92d60128.06247950', '127.0.0.1', 'Edge 135.0.0.0', 'Windows 10.0', 'Desktop', '2025-04-09 23:51:24', 'Success', 0),
(18, 'ID67015d92d60128.06247950', '127.0.0.1', 'Edge 135.0.0.0', 'Windows 10.0', 'Desktop', '2025-04-10 10:55:48', 'Success', 0),
(19, 'ID67015d92d60128.06247950', '127.0.0.1', 'Edge 135.0.0.0', 'Windows 10.0', 'Desktop', '2025-04-10 11:01:17', 'Success', 0),
(20, 'ID67015d92d60128.06247950', '127.0.0.1', 'Edge 135.0.0.0', 'Windows 10.0', 'Desktop', '2025-04-10 11:02:34', 'Success', 0),
(21, 'ID67015d92d60128.06247950', '127.0.0.1', 'Edge 135.0.0.0', 'Windows 10.0', 'Desktop', '2025-04-10 11:25:47', 'Success', 0),
(22, 'ID67015d92d60128.06247950', '127.0.0.1', 'Edge 135.0.0.0', 'Windows 10.0', 'Desktop', '2025-04-10 11:34:03', 'Success', 0),
(23, 'ID67015d92d60128.06247950', '127.0.0.1', 'Edge 135.0.0.0', 'Windows 10.0', 'Desktop', '2025-04-10 11:45:04', 'Success', 0),
(24, 'ID67015d92d60128.06247950', '127.0.0.1', 'Edge 135.0.0.0', 'Windows 10.0', 'Desktop', '2025-04-10 11:49:05', 'Success', 0),
(25, 'ID67015d92d60128.06247950', '127.0.0.1', 'Edge 135.0.0.0', 'Windows 10.0', 'Desktop', '2025-04-10 17:36:15', 'Success', 0),
(26, 'ID67015d92d60128.06247950', '127.0.0.1', 'Edge 135.0.0.0', 'Windows 10.0', 'Desktop', '2025-04-10 17:36:16', 'Success', 0),
(27, 'ID67015c14d07119.50844433', '127.0.0.1', 'Edge 135.0.0.0', 'Windows 10.0', 'Desktop', '2025-04-10 17:38:00', 'Success', 0),
(28, 'ID67015c14d07119.50844433', '127.0.0.1', 'Edge 135.0.0.0', 'Windows 10.0', 'Desktop', '2025-04-10 17:38:37', 'Success', 0),
(29, 'ID67015d92d60128.06247950', '127.0.0.1', 'Edge 135.0.0.0', 'Windows 10.0', 'Desktop', '2025-04-10 20:26:16', 'Success', 0),
(30, 'ID67015c14d07119.50844433', '127.0.0.1', 'Edge 135.0.0.0', 'Windows 10.0', 'Desktop', '2025-04-10 20:26:35', 'Success', 0),
(31, 'ID67015c14d07119.50844433', '127.0.0.1', 'Edge 135.0.0.0', 'Windows 10.0', 'Desktop', '2025-04-10 20:45:31', 'Success', 0),
(32, 'ID67015c14d07119.50844433', '127.0.0.1', 'Edge 135.0.0.0', 'Windows 10.0', 'Desktop', '2025-04-10 21:22:37', 'Success', 0),
(33, 'ID67015c14d07119.50844433', '127.0.0.1', 'Edge 135.0.0.0', 'Windows 10.0', 'Desktop', '2025-04-10 21:27:41', 'Success', 0),
(34, 'ID67015d92d60128.06247950', '127.0.0.1', 'Edge 135.0.0.0', 'Windows 10.0', 'Desktop', '2025-04-10 21:29:14', 'Success', 0),
(35, 'ID67015c14d07119.50844433', '127.0.0.1', 'Edge 135.0.0.0', 'Windows 10.0', 'Desktop', '2025-04-10 21:29:42', 'Success', 0),
(36, 'ID67015c14d07119.50844433', '127.0.0.1', 'Edge 135.0.0.0', 'Windows 10.0', 'Desktop', '2025-04-10 21:34:45', 'Success', 0),
(37, 'ID67015d92d60128.06247950', '127.0.0.1', 'Edge 135.0.0.0', 'Windows 10.0', 'Desktop', '2025-04-10 21:48:44', 'Success', 0),
(38, 'ID67015c14d07119.50844433', '127.0.0.1', 'Edge 135.0.0.0', 'Windows 10.0', 'Desktop', '2025-04-10 21:49:02', 'Success', 0),
(39, 'ID67015d92d60128.06247950', '127.0.0.1', 'Edge 135.0.0.0', 'Windows 10.0', 'Desktop', '2025-04-10 21:50:10', 'Success', 0),
(40, 'ID67015d92d60128.06247950', '127.0.0.1', 'Edge 135.0.0.0', 'Windows 10.0', 'Desktop', '2025-04-10 21:59:55', 'Success', 0),
(41, 'ID67015d92d60128.06247950', '127.0.0.1', 'Edge 135.0.0.0', 'Windows 10.0', 'Desktop', '2025-04-10 22:05:21', 'Success', 0),
(42, 'ID67015d92d60128.06247950', '127.0.0.1', 'Edge 135.0.0.0', 'Windows 10.0', 'Desktop', '2025-04-10 23:12:16', 'Success', 0),
(43, 'ID67015c14d07119.50844433', '127.0.0.1', 'Edge 135.0.0.0', 'Windows 10.0', 'Desktop', '2025-04-10 23:15:01', 'Success', 0),
(44, 'ID67015d92d60128.06247950', '127.0.0.1', 'Edge 135.0.0.0', 'Windows 10.0', 'Desktop', '2025-04-10 23:16:03', 'Success', 0),
(45, 'ID67015c14d07119.50844433', '127.0.0.1', 'Edge 135.0.0.0', 'Windows 10.0', 'Desktop', '2025-04-10 23:17:27', 'Success', 0),
(46, 'ID67015d92d60128.06247950', '127.0.0.1', 'Edge 135.0.0.0', 'Windows 10.0', 'Desktop', '2025-04-10 23:26:05', 'Success', 0),
(47, 'ID67015c14d07119.50844433', '127.0.0.1', 'Edge 135.0.0.0', 'Windows 10.0', 'Desktop', '2025-04-10 23:33:23', 'Success', 0),
(48, 'ID123456789', '127.0.0.1', 'Edge 135.0.0.0', 'Windows 10.0', 'Desktop', '2025-04-10 23:56:04', 'Success', 0),
(49, 'ID123456789', '127.0.0.1', 'Edge 135.0.0.0', 'Windows 10.0', 'Desktop', '2025-04-10 23:58:38', 'Success', 0),
(50, 'ID123456789', '127.0.0.1', 'Edge 135.0.0.0', 'Windows 10.0', 'Desktop', '2025-04-11 00:02:02', 'Success', 0),
(51, 'ID123456789', '127.0.0.1', 'Edge 135.0.0.0', 'Windows 10.0', 'Desktop', '2025-04-11 00:03:57', 'Success', 0),
(52, 'ID123456789', '127.0.0.1', 'Edge 135.0.0.0', 'Windows 10.0', 'Desktop', '2025-04-11 00:04:29', 'Success', 0),
(53, 'ID123456789', '127.0.0.1', 'Edge 135.0.0.0', 'Windows 10.0', 'Desktop', '2025-04-11 00:08:47', 'Success', 0),
(54, 'ID67015d92d60128.06247950', '127.0.0.1', 'Edge 135.0.0.0', 'Windows 10.0', 'Desktop', '2025-04-11 00:08:58', 'Success', 0),
(55, 'ID67015c14d07119.50844433', '127.0.0.1', 'Edge 135.0.0.0', 'Windows 10.0', 'Desktop', '2025-04-11 00:10:18', 'Success', 0),
(56, 'ID67015d92d60128.06247950', '127.0.0.1', 'Edge 135.0.0.0', 'Windows 10.0', 'Desktop', '2025-04-11 12:05:16', 'Success', 0),
(57, 'ID67015c14d07119.50844433', '127.0.0.1', 'Edge 135.0.0.0', 'Windows 10.0', 'Desktop', '2025-04-11 13:15:27', 'Success', 0),
(58, 'ID67015c14d07119.50844433', '127.0.0.1', 'Edge 135.0.0.0', 'Windows 10.0', 'Desktop', '2025-04-11 21:42:21', 'Success', 0),
(59, 'ID67015d92d60128.06247950', '127.0.0.1', 'Edge 135.0.0.0', 'Windows 10.0', 'Desktop', '2025-04-11 22:12:24', 'Success', 0),
(60, 'ID67015d92d60128.06247950', '127.0.0.1', 'Edge 135.0.0.0', 'Windows 10.0', 'Desktop', '2025-04-11 23:45:12', 'Success', 0),
(61, 'ID67015c14d07119.50844433', '127.0.0.1', 'Edge 135.0.0.0', 'Windows 10.0', 'Desktop', '2025-04-11 23:45:36', 'Success', 0),
(62, 'ID67015c14d07119.50844433', '127.0.0.1', 'Edge 135.0.0.0', 'Windows 10.0', 'Desktop', '2025-04-11 23:47:19', 'Failed - Invalid Password', 0),
(63, 'ID67015c14d07119.50844433', '127.0.0.1', 'Edge 135.0.0.0', 'Windows 10.0', 'Desktop', '2025-04-11 23:47:23', 'Success', 0),
(64, 'ID67015d92d60128.06247950', '127.0.0.1', 'Edge 135.0.0.0', 'Windows 10.0', 'Desktop', '2025-04-11 23:48:28', 'Success', 0),
(65, 'ID67015d92d60128.06247950', '127.0.0.1', 'Edge 135.0.0.0', 'Windows 10.0', 'Desktop', '2025-04-12 15:50:47', 'Success', 0),
(66, 'ID67015d92d60128.06247950', '127.0.0.1', 'Edge 135.0.0.0', 'Windows 10.0', 'Desktop', '2025-04-12 15:51:09', 'Success', 0),
(67, 'ID67015d92d60128.06247950', '127.0.0.1', 'Edge 135.0.0.0', 'Windows 10.0', 'Desktop', '2025-04-12 15:54:34', 'Success', 0),
(68, 'ID67015d92d60128.06247950', '127.0.0.1', 'Edge 135.0.0.0', 'Windows 10.0', 'Desktop', '2025-04-12 23:07:42', 'Success', 0),
(69, 'ID67015c14d07119.50844433', '127.0.0.1', 'Edge 135.0.0.0', 'Windows 10.0', 'Desktop', '2025-04-13 12:12:30', 'Success', 0),
(70, 'ID67015d92d60128.06247950', '127.0.0.1', 'Edge 135.0.0.0', 'Windows 10.0', 'Desktop', '2025-04-13 12:22:55', 'Success', 0),
(71, 'ID67015d92d60128.06247950', '127.0.0.1', 'Edge 135.0.0.0', 'Windows 10.0', 'Desktop', '2025-04-14 00:12:10', 'Success', 0),
(72, 'ID67015d92d60128.06247950', '127.0.0.1', 'Edge 135.0.0.0', 'Windows 10.0', 'Desktop', '2025-04-14 00:27:34', 'Success', 0),
(73, 'ID67015d92d60128.06247950', '127.0.0.1', 'Edge 135.0.0.0', 'Windows 10.0', 'Desktop', '2025-04-14 00:36:55', 'Success', 0),
(74, 'ID67015d92d60128.06247950', '127.0.0.1', 'Edge 135.0.0.0', 'Windows 10.0', 'Desktop', '2025-04-14 00:40:53', 'Success', 0),
(75, 'ID67015d92d60128.06247950', '127.0.0.1', 'Edge 135.0.0.0', 'Windows 10.0', 'Desktop', '2025-04-14 00:50:40', 'Success', 0),
(76, 'ID67015d92d60128.06247950', '127.0.0.1', 'Edge 135.0.0.0', 'Windows 10.0', 'Desktop', '2025-04-14 00:54:40', 'Success', 0),
(77, 'ID67015d92d60128.06247950', '127.0.0.1', 'Edge 135.0.0.0', 'Windows 10.0', 'Desktop', '2025-04-14 01:11:38', 'Success', 0),
(78, 'ID67015d92d60128.06247950', '127.0.0.1', 'Edge 135.0.0.0', 'Windows 10.0', 'Desktop', '2025-04-14 01:18:14', 'Success', 0),
(79, 'ID67015d92d60128.06247950', '127.0.0.1', 'Edge 135.0.0.0', 'Windows 10.0', 'Desktop', '2025-04-14 01:33:37', 'Success', 0),
(80, 'ID67f59f0164f049.45244214', '127.0.0.1', 'Edge 135.0.0.0', 'Windows 10.0', 'Desktop', '2025-04-14 01:37:10', 'Failed - Invalid Password', 0),
(81, 'ID67f59f0164f049.45244214', '127.0.0.1', 'Edge 135.0.0.0', 'Windows 10.0', 'Desktop', '2025-04-14 01:37:18', 'Failed - Invalid Password', 0),
(82, 'ID67f59f0164f049.45244214', '127.0.0.1', 'Edge 135.0.0.0', 'Windows 10.0', 'Desktop', '2025-04-14 01:37:44', 'Success', 0),
(83, 'ID67015d92d60128.06247950', '127.0.0.1', 'Edge 135.0.0.0', 'Windows 10.0', 'Desktop', '2025-04-14 01:43:39', 'Success', 0),
(84, 'ID67015c14d07119.50844433', '127.0.0.1', 'Edge 135.0.0.0', 'Windows 10.0', 'Desktop', '2025-04-14 01:43:48', 'Success', 0),
(85, 'ID67015c14d07119.50844433', '127.0.0.1', 'Edge 135.0.0.0', 'Windows 10.0', 'Desktop', '2025-04-14 02:15:21', 'Success', 0),
(86, 'ID67015d92d60128.06247950', '172.17.64.1', 'Chrome 135.0.0.0', 'AndroidOS 10', 'Mobile', '2025-04-14 20:10:37', 'Success', 0),
(87, 'ID67015d92d60128.06247950', '172.17.64.1', 'Chrome 135.0.0.0', 'AndroidOS 10', 'Mobile', '2025-04-14 20:14:43', 'Success', 0),
(88, 'ID67015d92d60128.06247950', '172.17.64.1', 'Chrome 135.0.0.0', 'AndroidOS 10', 'Mobile', '2025-04-14 20:15:00', 'Failed - Invalid Password', 0),
(89, 'ID67015d92d60128.06247950', '172.17.64.1', 'Chrome 135.0.0.0', 'AndroidOS 10', 'Mobile', '2025-04-14 20:15:06', 'Success', 0),
(90, 'ID67015c14d07119.50844433', '127.0.0.1', 'Edge 135.0.0.0', 'Windows 10.0', 'Desktop', '2025-04-14 21:49:05', 'Success', 0),
(91, 'ID67015d92d60128.06247950', '127.0.0.1', 'Edge 135.0.0.0', 'Windows 10.0', 'Desktop', '2025-04-14 21:56:56', 'Success', 0),
(92, 'ID67015d92d60128.06247950', '127.0.0.1', 'Edge 135.0.0.0', 'Windows 10.0', 'Desktop', '2025-04-23 06:16:42', 'Success', 0),
(93, 'ID123456789', '127.0.0.1', 'Edge 135.0.0.0', 'Windows 10.0', 'Desktop', '2025-04-23 06:19:49', 'Success', 0),
(94, 'ID67015d92d60128.06247950', '127.0.0.1', 'Edge 135.0.0.0', 'Windows 10.0', 'Desktop', '2025-04-23 06:28:07', 'Success', 0),
(95, 'ID67015d92d60128.06247950', '127.0.0.1', 'Edge 135.0.0.0', 'Windows 10.0', 'Desktop', '2025-04-23 06:39:00', 'Success', 0),
(96, 'ID67015c14d07119.50844433', '127.0.0.1', 'Edge 135.0.0.0', 'Windows 10.0', 'Desktop', '2025-04-23 06:41:16', 'Success', 0),
(97, 'ID123456789', '127.0.0.1', 'Edge 135.0.0.0', 'Windows 10.0', 'Desktop', '2025-04-23 06:45:35', 'Success', 0),
(98, 'ID67015c14d07119.50844433', '127.0.0.1', 'Edge 135.0.0.0', 'Windows 10.0', 'Desktop', '2025-04-25 19:59:01', 'Success', 0),
(99, 'ID67015c14d07119.50844433', '127.0.0.1', 'Edge 135.0.0.0', 'Windows 10.0', 'Desktop', '2025-04-25 20:20:32', 'Success', 0),
(100, 'ID67015c14d07119.50844433', '127.0.0.1', 'Edge 135.0.0.0', 'Windows 10.0', 'Desktop', '2025-04-25 20:27:47', 'Success', 0),
(101, 'ID67015c14d07119.50844433', '127.0.0.1', 'Edge 135.0.0.0', 'Windows 10.0', 'Desktop', '2025-04-25 20:38:08', 'Success', 0),
(102, 'ID67015c14d07119.50844433', '127.0.0.1', 'Edge 135.0.0.0', 'Windows 10.0', 'Desktop', '2025-04-25 20:51:16', 'Success', 0),
(103, 'ID67015c14d07119.50844433', '127.0.0.1', 'Edge 135.0.0.0', 'Windows 10.0', 'Desktop', '2025-04-25 20:55:15', 'Success', 0),
(104, 'ID67015c14d07119.50844433', '127.0.0.1', 'Edge 135.0.0.0', 'Windows 10.0', 'Desktop', '2025-04-25 21:17:38', 'Success', 0),
(105, 'ID67015d92d60128.06247950', '127.0.0.1', 'Edge 135.0.0.0', 'Windows 10.0', 'Desktop', '2025-04-25 21:17:49', 'Success', 0),
(106, 'ID67015d92d60128.06247950', '127.0.0.1', 'Edge 135.0.0.0', 'Windows 10.0', 'Desktop', '2025-04-26 18:12:24', 'Success', 0),
(107, 'ID67015d92d60128.06247950', '127.0.0.1', 'Edge 135.0.0.0', 'Windows 10.0', 'Desktop', '2025-04-28 17:24:11', 'Success', 0),
(108, 'ID67015d92d60128.06247950', '127.0.0.1', 'Edge 135.0.0.0', 'Windows 10.0', 'Desktop', '2025-04-28 23:29:28', 'Success', 0),
(109, 'ID67015d92d60128.06247950', '127.0.0.1', 'Edge 135.0.0.0', 'Windows 10.0', 'Desktop', '2025-05-02 10:28:56', 'Success', 0),
(110, 'ID67015d92d60128.06247950', '127.0.0.1', 'Edge 135.0.0.0', 'Windows 10.0', 'Desktop', '2025-05-02 10:48:21', 'Success', 0),
(111, 'ID67015d92d60128.06247950', '127.0.0.1', 'Edge 135.0.0.0', 'Windows 10.0', 'Desktop', '2025-05-02 10:53:00', 'Success', 0),
(112, 'ID67015d92d60128.06247950', '127.0.0.1', 'Edge 135.0.0.0', 'Windows 10.0', 'Desktop', '2025-05-02 10:58:03', 'Success', 0),
(113, 'ID67015d92d60128.06247950', '127.0.0.1', 'Edge 135.0.0.0', 'Windows 10.0', 'Desktop', '2025-05-02 11:03:01', 'Success', 0),
(114, 'ID67015d92d60128.06247950', '127.0.0.1', 'Edge 135.0.0.0', 'Windows 10.0', 'Desktop', '2025-05-02 11:57:44', 'Success', 0),
(115, 'ID67e659d7e890d3.16823785', '127.0.0.1', 'Edge 135.0.0.0', 'Windows 10.0', 'Desktop', '2025-05-02 12:13:34', 'Success', 0),
(116, 'ID67015c14d07119.50844433', '127.0.0.1', 'Edge 135.0.0.0', 'Windows 10.0', 'Desktop', '2025-05-02 12:15:02', 'Success', 0),
(117, 'ID67e659d7e890d3.16823785', '127.0.0.1', 'Edge 135.0.0.0', 'Windows 10.0', 'Desktop', '2025-05-02 12:15:45', 'Success', 0),
(118, 'ID67015c14d07119.50844433', '127.0.0.1', 'Edge 135.0.0.0', 'Windows 10.0', 'Desktop', '2025-05-02 12:23:51', 'Success', 0),
(119, 'ID67e659d7e890d3.16823785', '127.0.0.1', 'Edge 135.0.0.0', 'Windows 10.0', 'Desktop', '2025-05-03 23:52:08', 'Success', 0),
(120, 'ID67015d92d60128.06247950', '127.0.0.1', 'Edge 135.0.0.0', 'Windows 10.0', 'Desktop', '2025-05-03 23:54:04', 'Success', 0),
(121, 'ID67015d92d60128.06247950', '127.0.0.1', 'Edge 135.0.0.0', 'Windows 10.0', 'Desktop', '2025-05-04 23:15:06', 'Success', 0),
(122, 'ID67015d92d60128.06247950', '127.0.0.1', 'Edge 135.0.0.0', 'Windows 10.0', 'Desktop', '2025-05-04 23:22:56', 'Success', 0),
(123, 'ID67015d92d60128.06247950', '127.0.0.1', 'Edge 135.0.0.0', 'Windows 10.0', 'Desktop', '2025-05-04 23:29:25', 'Success', 0),
(124, 'ID67015c14d07119.50844433', '127.0.0.1', 'Edge 135.0.0.0', 'Windows 10.0', 'Desktop', '2025-05-04 23:42:58', 'Success', 0),
(125, 'ID67015d92d60128.06247950', '127.0.0.1', 'Edge 135.0.0.0', 'Windows 10.0', 'Desktop', '2025-05-04 23:43:59', 'Success', 0),
(126, 'ID67015d92d60128.06247950', '127.0.0.1', 'Edge 135.0.0.0', 'Windows 10.0', 'Desktop', '2025-05-05 00:25:51', 'Success', 0),
(127, 'ID67015d92d60128.06247950', '127.0.0.1', 'Edge 135.0.0.0', 'Windows 10.0', 'Desktop', '2025-05-05 19:40:24', 'Success', 0),
(128, 'ID67015d92d60128.06247950', '127.0.0.1', 'Edge 135.0.0.0', 'Windows 10.0', 'Desktop', '2025-05-06 21:00:36', 'Success', 0),
(129, 'ID67015d92d60128.06247950', '127.0.0.1', 'Edge 135.0.0.0', 'Windows 10.0', 'Desktop', '2025-05-07 16:57:30', 'Success', 0),
(130, 'ID67015d92d60128.06247950', '127.0.0.1', 'Edge 135.0.0.0', 'Windows 10.0', 'Desktop', '2025-05-07 22:12:03', 'Success', 0),
(131, 'ID67015d92d60128.06247950', '127.0.0.1', 'Edge 135.0.0.0', 'Windows 10.0', 'Desktop', '2025-05-08 18:19:55', 'Success', 0),
(132, 'ID67015d92d60128.06247950', '127.0.0.1', 'Edge 135.0.0.0', 'Windows 10.0', 'Desktop', '2025-05-08 18:57:40', 'Success', 0),
(133, 'ID67015d92d60128.06247950', '127.0.0.1', 'Edge 135.0.0.0', 'Windows 10.0', 'Desktop', '2025-05-08 19:17:03', 'Success', 0),
(134, 'ID67015d92d60128.06247950', '127.0.0.1', 'Edge 135.0.0.0', 'Windows 10.0', 'Desktop', '2025-05-08 19:22:00', 'Success', 0),
(135, 'ID67015d92d60128.06247950', '127.0.0.1', 'Edge 135.0.0.0', 'Windows 10.0', 'Desktop', '2025-05-08 19:30:54', 'Success', 0),
(136, 'ID67015c14d07119.50844433', '127.0.0.1', 'Edge 135.0.0.0', 'Windows 10.0', 'Desktop', '2025-05-09 11:18:49', 'Success', 0),
(137, 'ID67015c14d07119.50844433', '127.0.0.1', 'Edge 136.0.0.0', 'Windows 10.0', 'Desktop', '2025-05-09 12:57:52', 'Success', 0),
(138, 'ID67015d92d60128.06247950', '127.0.0.1', 'Edge 136.0.0.0', 'Windows 10.0', 'Desktop', '2025-05-09 13:32:01', 'Success', 0),
(139, 'ID67015d92d60128.06247950', '127.0.0.1', 'Edge 136.0.0.0', 'Windows 10.0', 'Desktop', '2025-05-09 14:46:50', 'Success', 0),
(140, 'ID67015d92d60128.06247950', '127.0.0.1', 'Edge 136.0.0.0', 'Windows 10.0', 'Desktop', '2025-05-09 14:52:56', 'Success', 0),
(141, 'ID67015d92d60128.06247950', '127.0.0.1', 'Edge 136.0.0.0', 'Windows 10.0', 'Desktop', '2025-05-09 14:58:17', 'Success', 0),
(142, 'ID67015d92d60128.06247950', '127.0.0.1', 'Edge 136.0.0.0', 'Windows 10.0', 'Desktop', '2025-05-09 15:30:54', 'Success', 0),
(143, 'ID67015d92d60128.06247950', '127.0.0.1', 'Edge 136.0.0.0', 'Windows 10.0', 'Desktop', '2025-05-09 15:36:30', 'Success', 0),
(144, 'ID67015d92d60128.06247950', '127.0.0.1', 'Edge 136.0.0.0', 'Windows 10.0', 'Desktop', '2025-05-09 15:37:19', 'Success', 0),
(145, 'ID67015d92d60128.06247950', '127.0.0.1', 'Edge 136.0.0.0', 'Windows 10.0', 'Desktop', '2025-05-09 15:39:54', 'Success', 0),
(146, 'ID67015d92d60128.06247950', '127.0.0.1', 'Edge 136.0.0.0', 'Windows 10.0', 'Desktop', '2025-05-09 15:42:07', 'Success', 0),
(147, 'ID67015d92d60128.06247950', '127.0.0.1', 'Edge 136.0.0.0', 'Windows 10.0', 'Desktop', '2025-05-09 15:43:07', 'Success', 0),
(148, 'ID67015d92d60128.06247950', '192.168.42.129', 'Chrome 135.0.0.0', 'AndroidOS 10', 'Mobile', '2025-05-09 21:11:25', 'Success', 0),
(149, 'ID67015d92d60128.06247950', '127.0.0.1', 'Edge 136.0.0.0', 'Windows 10.0', 'Desktop', '2025-05-09 22:36:27', 'Success', 0),
(150, 'ID67015d92d60128.06247950', '127.0.0.1', 'Edge 136.0.0.0', 'Windows 10.0', 'Desktop', '2025-05-09 22:50:06', 'Success', 0),
(151, 'ID67015d92d60128.06247950', '127.0.0.1', 'Edge 136.0.0.0', 'Windows 10.0', 'Desktop', '2025-05-11 10:42:30', 'Success', 0),
(152, 'ID67015d92d60128.06247950', '127.0.0.1', 'Edge 136.0.0.0', 'Windows 10.0', 'Desktop', '2025-05-11 11:06:59', 'Success', 0),
(153, 'ID67015d92d60128.06247950', '127.0.0.1', 'Edge 136.0.0.0', 'Windows 10.0', 'Desktop', '2025-05-11 11:17:46', 'Success', 0),
(154, 'ID67015d92d60128.06247950', '127.0.0.1', 'Edge 136.0.0.0', 'Windows 10.0', 'Desktop', '2025-05-11 11:32:48', 'Success', 0),
(155, 'ID67015d92d60128.06247950', '127.0.0.1', 'Edge 136.0.0.0', 'Windows 10.0', 'Desktop', '2025-05-11 11:39:44', 'Success', 0),
(156, 'ID67015d92d60128.06247950', '127.0.0.1', 'Edge 136.0.0.0', 'Windows 10.0', 'Desktop', '2025-05-11 13:06:53', 'Success', 0),
(157, 'ID67015d92d60128.06247950', '127.0.0.1', 'Edge 136.0.0.0', 'Windows 10.0', 'Desktop', '2025-05-11 13:12:46', 'Success', 0),
(158, 'ID67015d92d60128.06247950', '127.0.0.1', 'Edge 136.0.0.0', 'Windows 10.0', 'Desktop', '2025-05-11 13:18:41', 'Success', 0),
(159, 'ID67015d92d60128.06247950', '127.0.0.1', 'Edge 136.0.0.0', 'Windows 10.0', 'Desktop', '2025-05-11 13:29:12', 'Success', 0),
(160, 'ID67015d92d60128.06247950', '127.0.0.1', 'Edge 136.0.0.0', 'Windows 10.0', 'Desktop', '2025-05-11 14:20:20', 'Success', 0),
(161, 'ID67015d92d60128.06247950', '127.0.0.1', 'Edge 136.0.0.0', 'Windows 10.0', 'Desktop', '2025-05-11 14:25:16', 'Success', 0),
(162, 'ID67015d92d60128.06247950', '127.0.0.1', 'Edge 136.0.0.0', 'Windows 10.0', 'Desktop', '2025-05-11 14:29:44', 'Success', 0),
(163, 'ID67015d92d60128.06247950', '127.0.0.1', 'Edge 136.0.0.0', 'Windows 10.0', 'Desktop', '2025-05-11 14:34:38', 'Success', 0),
(164, 'ID67015d92d60128.06247950', '127.0.0.1', 'Edge 136.0.0.0', 'Windows 10.0', 'Desktop', '2025-05-11 19:08:49', 'Success', 0),
(165, 'ID67015d92d60128.06247950', '127.0.0.1', 'Edge 136.0.0.0', 'Windows 10.0', 'Desktop', '2025-05-11 19:24:59', 'Success', 0),
(166, 'ID67015d92d60128.06247950', '127.0.0.1', 'Edge 136.0.0.0', 'Windows 10.0', 'Desktop', '2025-05-11 19:29:14', 'Success', 0),
(167, 'ID67015d92d60128.06247950', '127.0.0.1', 'Edge 136.0.0.0', 'Windows 10.0', 'Desktop', '2025-05-11 19:50:13', 'Success', 0),
(168, 'ID67015d92d60128.06247950', '127.0.0.1', 'Edge 136.0.0.0', 'Windows 10.0', 'Desktop', '2025-05-11 20:06:04', 'Success', 0),
(169, 'ID67015d92d60128.06247950', '127.0.0.1', 'Edge 136.0.0.0', 'Windows 10.0', 'Desktop', '2025-05-11 20:15:10', 'Success', 0),
(170, 'ID67015d92d60128.06247950', '127.0.0.1', 'Edge 136.0.0.0', 'Windows 10.0', 'Desktop', '2025-05-11 20:24:31', 'Success', 0),
(171, 'ID67015d92d60128.06247950', '127.0.0.1', 'Edge 136.0.0.0', 'Windows 10.0', 'Desktop', '2025-05-11 20:46:03', 'Success', 0),
(172, 'ID67015d92d60128.06247950', '127.0.0.1', 'Edge 136.0.0.0', 'Windows 10.0', 'Desktop', '2025-05-11 21:50:15', 'Success', 0),
(173, 'ID67015d92d60128.06247950', '127.0.0.1', 'Edge 136.0.0.0', 'Windows 10.0', 'Desktop', '2025-05-11 23:38:47', 'Success', 0),
(174, 'ID67015d92d60128.06247950', '127.0.0.1', 'Edge 136.0.0.0', 'Windows 10.0', 'Desktop', '2025-05-12 00:02:53', 'Success', 0),
(175, 'ID67015d92d60128.06247950', '127.0.0.1', 'Edge 136.0.0.0', 'Windows 10.0', 'Desktop', '2025-05-12 00:14:39', 'Success', 0),
(176, 'ID67015d92d60128.06247950', '127.0.0.1', 'Edge 136.0.0.0', 'Windows 10.0', 'Desktop', '2025-05-12 00:35:40', 'Success', 0),
(177, 'ID67015d92d60128.06247950', '127.0.0.1', 'Edge 136.0.0.0', 'Windows 10.0', 'Desktop', '2025-05-12 00:44:55', 'Success', 0),
(178, 'ID67015d92d60128.06247950', '127.0.0.1', 'Edge 136.0.0.0', 'Windows 10.0', 'Desktop', '2025-05-12 00:54:59', 'Success', 0),
(179, 'ID67015d92d60128.06247950', '127.0.0.1', 'Edge 136.0.0.0', 'Windows 10.0', 'Desktop', '2025-05-12 19:00:44', 'Success', 0),
(180, 'ID67015d92d60128.06247950', '127.0.0.1', 'Edge 136.0.0.0', 'Windows 10.0', 'Desktop', '2025-05-12 19:18:09', 'Success', 0),
(181, 'ID67015d92d60128.06247950', '127.0.0.1', 'Edge 136.0.0.0', 'Windows 10.0', 'Desktop', '2025-05-12 19:41:43', 'Success', 0),
(182, 'ID67015d92d60128.06247950', '127.0.0.1', 'Edge 136.0.0.0', 'Windows 10.0', 'Desktop', '2025-05-12 19:49:29', 'Success', 0),
(183, 'ID67015d92d60128.06247950', '127.0.0.1', 'Edge 136.0.0.0', 'Windows 10.0', 'Desktop', '2025-05-12 19:55:01', 'Success', 0),
(184, 'ID67015d92d60128.06247950', '127.0.0.1', 'Edge 136.0.0.0', 'Windows 10.0', 'Desktop', '2025-05-12 21:03:24', 'Success', 0),
(185, 'ID67015d92d60128.06247950', '127.0.0.1', 'Edge 136.0.0.0', 'Windows 10.0', 'Desktop', '2025-05-13 18:07:51', 'Success', 0),
(186, 'ID67015d92d60128.06247950', '127.0.0.1', 'Edge 136.0.0.0', 'Windows 10.0', 'Desktop', '2025-05-13 18:29:18', 'Success', 0),
(187, 'ID67015d92d60128.06247950', '127.0.0.1', 'Edge 136.0.0.0', 'Windows 10.0', 'Desktop', '2025-05-13 19:08:12', 'Success', 0),
(188, 'ID67015c14d07119.50844433', '127.0.0.1', 'Edge 136.0.0.0', 'Windows 10.0', 'Desktop', '2025-05-13 19:21:09', 'Success', 0),
(189, 'ID67015d92d60128.06247950', '127.0.0.1', 'Edge 136.0.0.0', 'Windows 10.0', 'Desktop', '2025-05-13 19:51:30', 'Success', 0),
(190, 'ID67015d92d60128.06247950', '127.0.0.1', 'Edge 136.0.0.0', 'Windows 10.0', 'Desktop', '2025-05-13 20:12:33', 'Success', 0),
(191, 'ID67015d92d60128.06247950', '127.0.0.1', 'Edge 136.0.0.0', 'Windows 10.0', 'Desktop', '2025-05-13 20:38:50', 'Success', 0),
(192, 'ID67015d92d60128.06247950', '127.0.0.1', 'Edge 136.0.0.0', 'Windows 10.0', 'Desktop', '2025-05-13 20:53:37', 'Success', 0),
(193, 'ID67015d92d60128.06247950', '127.0.0.1', 'Edge 136.0.0.0', 'Windows 10.0', 'Desktop', '2025-05-13 20:58:53', 'Success', 0),
(194, 'ID67015c14d07119.50844433', '127.0.0.1', 'Edge 136.0.0.0', 'Windows 10.0', 'Desktop', '2025-05-13 21:20:41', 'Success', 0),
(195, 'ID67015d92d60128.06247950', '127.0.0.1', 'Edge 136.0.0.0', 'Windows 10.0', 'Desktop', '2025-05-13 21:25:14', 'Success', 0),
(196, 'ID67015d92d60128.06247950', '127.0.0.1', 'Edge 136.0.0.0', 'Windows 10.0', 'Desktop', '2025-05-13 21:43:33', 'Success', 0),
(197, 'ID67015d92d60128.06247950', '127.0.0.1', 'Edge 136.0.0.0', 'Windows 10.0', 'Desktop', '2025-05-13 22:14:26', 'Success', 0),
(198, 'ID67015d92d60128.06247950', '127.0.0.1', 'Edge 136.0.0.0', 'Windows 10.0', 'Desktop', '2025-05-13 22:42:07', 'Success', 0),
(199, 'ID67015d92d60128.06247950', '127.0.0.1', 'Edge 136.0.0.0', 'Windows 10.0', 'Desktop', '2025-05-13 23:05:06', 'Success', 0),
(200, 'ID67015d92d60128.06247950', '127.0.0.1', 'Edge 136.0.0.0', 'Windows 10.0', 'Desktop', '2025-05-13 23:18:13', 'Success', 0),
(201, 'ID67015d92d60128.06247950', '127.0.0.1', 'Edge 136.0.0.0', 'Windows 10.0', 'Desktop', '2025-05-14 10:58:07', 'Success', 0),
(202, 'ID67015d92d60128.06247950', '127.0.0.1', 'Edge 136.0.0.0', 'Windows 10.0', 'Desktop', '2025-05-14 11:06:23', 'Success', 0),
(203, 'ID67015d92d60128.06247950', '127.0.0.1', 'Edge 136.0.0.0', 'Windows 10.0', 'Desktop', '2025-05-14 11:10:16', 'Success', 0),
(204, 'ID67015d92d60128.06247950', '127.0.0.1', 'Edge 136.0.0.0', 'Windows 10.0', 'Desktop', '2025-05-14 11:22:14', 'Success', 0),
(205, 'ID67015d92d60128.06247950', '127.0.0.1', 'Edge 136.0.0.0', 'Windows 10.0', 'Desktop', '2025-05-14 11:33:10', 'Success', 0),
(206, 'ID67015d92d60128.06247950', '127.0.0.1', 'Edge 136.0.0.0', 'Windows 10.0', 'Desktop', '2025-05-14 11:42:06', 'Success', 0),
(207, 'ID67015d92d60128.06247950', '127.0.0.1', 'Edge 136.0.0.0', 'Windows 10.0', 'Desktop', '2025-05-14 11:49:38', 'Success', 0),
(208, 'ID67015d92d60128.06247950', '127.0.0.1', 'Edge 136.0.0.0', 'Windows 10.0', 'Desktop', '2025-05-14 11:57:01', 'Success', 0),
(209, 'ID67015d92d60128.06247950', '127.0.0.1', 'Edge 136.0.0.0', 'Windows 10.0', 'Desktop', '2025-05-14 12:11:07', 'Success', 0),
(210, 'ID67015d92d60128.06247950', '127.0.0.1', 'Edge 136.0.0.0', 'Windows 10.0', 'Desktop', '2025-05-14 12:32:08', 'Success', 0),
(211, 'ID67015d92d60128.06247950', '127.0.0.1', 'Edge 136.0.0.0', 'Windows 10.0', 'Desktop', '2025-05-14 12:39:35', 'Success', 0),
(212, 'ID67015d92d60128.06247950', '127.0.0.1', 'Edge 136.0.0.0', 'Windows 10.0', 'Desktop', '2025-05-14 12:45:12', 'Success', 0),
(213, 'ID67015d92d60128.06247950', '127.0.0.1', 'Edge 136.0.0.0', 'Windows 10.0', 'Desktop', '2025-05-14 13:13:41', 'Success', 0),
(214, 'ID67015d92d60128.06247950', '127.0.0.1', 'Edge 136.0.0.0', 'Windows 10.0', 'Desktop', '2025-05-14 13:30:04', 'Success', 0),
(215, 'ID67015d92d60128.06247950', '127.0.0.1', 'Edge 136.0.0.0', 'Windows 10.0', 'Desktop', '2025-05-14 13:53:08', 'Success', 0),
(216, 'ID67015d92d60128.06247950', '127.0.0.1', 'Edge 136.0.0.0', 'Windows 10.0', 'Desktop', '2025-05-14 14:12:44', 'Success', 0),
(217, 'ID67015d92d60128.06247950', '127.0.0.1', 'Edge 136.0.0.0', 'Windows 10.0', 'Desktop', '2025-05-14 14:19:58', 'Success', 0),
(218, 'ID67015d92d60128.06247950', '127.0.0.1', 'Edge 136.0.0.0', 'Windows 10.0', 'Desktop', '2025-05-14 14:59:19', 'Success', 0),
(219, 'ID67015d92d60128.06247950', '127.0.0.1', 'Edge 136.0.0.0', 'Windows 10.0', 'Desktop', '2025-05-16 20:35:35', 'Success', 0),
(220, 'ID67015d92d60128.06247950', '127.0.0.1', 'Edge 136.0.0.0', 'Windows 10.0', 'Desktop', '2025-05-16 21:45:35', 'Success', 0),
(221, 'ID67015d92d60128.06247950', '127.0.0.1', 'Edge 136.0.0.0', 'Windows 10.0', 'Desktop', '2025-05-17 15:37:36', 'Success', 0),
(222, 'ID67015d92d60128.06247950', '127.0.0.1', 'Edge 136.0.0.0', 'Windows 10.0', 'Desktop', '2025-05-17 15:47:14', 'Success', 0),
(223, 'ID67015d92d60128.06247950', '127.0.0.1', 'Edge 136.0.0.0', 'Windows 10.0', 'Desktop', '2025-05-17 20:02:15', 'Success', 0),
(224, 'ID67015d92d60128.06247950', '127.0.0.1', 'Edge 136.0.0.0', 'Windows 10.0', 'Desktop', '2025-05-17 23:14:25', 'Success', 0),
(225, 'ID67015d92d60128.06247950', '127.0.0.1', 'Edge 136.0.0.0', 'Windows 10.0', 'Desktop', '2025-05-18 18:20:34', 'Success', 0),
(226, 'ID67015c14d07119.50844433', '127.0.0.1', 'Edge 136.0.0.0', 'Windows 10.0', 'Desktop', '2025-05-19 01:11:45', 'Success', 0),
(227, 'ID67015c14d07119.50844433', '127.0.0.1', 'Edge 136.0.0.0', 'Windows 10.0', 'Desktop', '2025-05-19 05:56:16', 'Success', 0),
(228, 'ID67015d92d60128.06247950', '127.0.0.1', 'Edge 136.0.0.0', 'Windows 10.0', 'Desktop', '2025-05-19 06:09:04', 'Success', 0),
(229, 'ID123456789', '127.0.0.1', 'Edge 136.0.0.0', 'Windows 10.0', 'Desktop', '2025-05-19 06:09:46', 'Success', 0),
(230, 'ID67c4e17c4598c4.53489939', '127.0.0.1', 'Edge 136.0.0.0', 'Windows 10.0', 'Desktop', '2025-05-19 06:10:06', 'Failed - Invalid Password', 0),
(231, 'ID67f59c9a398433.41583407', '127.0.0.1', 'Edge 136.0.0.0', 'Windows 10.0', 'Desktop', '2025-05-19 06:12:02', 'Failed - Invalid Password', 0),
(232, 'ID67f59c9a398433.41583407', '127.0.0.1', 'Edge 136.0.0.0', 'Windows 10.0', 'Desktop', '2025-05-19 06:12:12', 'Failed - Invalid Password', 0),
(233, 'ID67f59c9a398433.41583407', '127.0.0.1', 'Edge 136.0.0.0', 'Windows 10.0', 'Desktop', '2025-05-19 06:12:14', 'Failed - Invalid Password', 0),
(234, 'ID67f59c9a398433.41583407', '127.0.0.1', 'Edge 136.0.0.0', 'Windows 10.0', 'Desktop', '2025-05-19 06:13:05', 'Success', 0),
(235, 'ID67f59c9a398433.41583407', '127.0.0.1', 'Edge 136.0.0.0', 'Windows 10.0', 'Desktop', '2025-05-19 06:21:33', 'Success', 0),
(236, 'ID67015d92d60128.06247950', '127.0.0.1', 'Edge 136.0.0.0', 'Windows 10.0', 'Desktop', '2025-05-19 06:28:57', 'Success', 0);

-- --------------------------------------------------------

--
-- Table structure for table `parent`
--

CREATE TABLE `parent` (
  `id` int(11) NOT NULL,
  `unique_id` varchar(255) NOT NULL,
  `student_id` varchar(255) NOT NULL,
  `phone` varchar(20) DEFAULT NULL,
  `gender` varchar(6) DEFAULT NULL,
  `physical_address` varchar(255) DEFAULT NULL,
  `relation` varchar(255) DEFAULT NULL,
  `school_id` int(11) NOT NULL
) ENGINE=InnoDB DEFAULT CHARSET=utf8mb4 COLLATE=utf8mb4_general_ci;

--
-- Dumping data for table `parent`
--

INSERT INTO `parent` (`id`, `unique_id`, `student_id`, `phone`, `gender`, `physical_address`, `relation`, `school_id`) VALUES
(1, 'ID67c351e9e40cc3.57957349', 'ID67a91229a0d432.54460126', '0686798738', 'male', 'Bariadi', 'father', 1),
(2, 'ID67c351e9e40cc3.57957349', 'ID67ae146836ddc3.72912548', '0686798738', 'male', 'Bariadi', 'father', 1),
(3, 'ID67c351e9e40cc3.57957349', 'ID67c4679f13f453.33403629', '0686798738', 'male', 'Bariadi', 'father', 1),
(4, 'ID67c46b5f3d8c86.40326566', 'ID67ae154276b083.96317429', '0686798738', 'male', 'Bariadi', 'uncle', 1),
(5, 'ID67c472046e6459.22521429', 'ID67a91229a0d432.54460126', '0686798738', 'male', 'Bariadi', 'father', 1),
(6, 'ID67c472046e6459.22521429', 'ID67a91229a0d432.54460126', '0686798738', 'male', 'Bariadi', 'father', 1),
(7, 'ID67c4e17c4598c4.53489939', 'ID67a91229a0d432.54460126', '0686798738', 'male', 'Bariadi', 'father', 1),
(8, 'ID67c4e17c8db204.99374017', 'ID67a91229a0d432.54460126', '0686798738', 'male', 'Bariadi', 'father', 1),
(9, 'ID67c4e21ea95843.78450904', 'ID67a91229a0d432.54460126', '0686798738', 'male', 'Bariadi', 'father', 1),
(11, 'ID67e659d7e890d3.16823785', 'ID67f4488c571ee7.00401299', '0786857533', NULL, 'Mwanza', 'father', 1),
(13, 'ID67015c14d07119.50844433', 'ID67f45da24ce1d3.82759712', '0786857533', 'male', 'Mwanza', 'father', 1),
(15, 'ID67f462e3d70d79.32984350', 'ID67f46245c4c2d7.53856666', '0786857533', 'male', 'Mwanza', 'father', 1),
(19, 'ID67f83d9f368868.21446556', 'ID67f8371eb5f635.07730886', '0786857539', 'male', 'Mwanza', 'father', 2),
(20, 'ID67f83dbe62a793.23871577', 'ID67f836609e3590.99352512', '0786857539', 'male', 'Mwanza', 'father', 2);

-- --------------------------------------------------------

--
-- Table structure for table `results`
--

CREATE TABLE `results` (
  `id` int(11) NOT NULL,
  `student_id` varchar(255) NOT NULL,
  `teacher_id` varchar(255) NOT NULL,
  `subject_name` varchar(255) NOT NULL,
  `exam_type` varchar(255) NOT NULL,
  `marks` decimal(5,0) NOT NULL,
  `grade` varchar(2) NOT NULL,
  `description` varchar(20) DEFAULT NULL,
  `point` int(2) NOT NULL,
  `status` varchar(10) NOT NULL DEFAULT 'pending',
  `school_id` int(11) NOT NULL,
  `added_at` timestamp NOT NULL DEFAULT current_timestamp() ON UPDATE current_timestamp()
) ENGINE=InnoDB DEFAULT CHARSET=utf8mb4 COLLATE=utf8mb4_general_ci;

--
-- Dumping data for table `results`
--

INSERT INTO `results` (`id`, `student_id`, `teacher_id`, `subject_name`, `exam_type`, `marks`, `grade`, `description`, `point`, `status`, `school_id`, `added_at`) VALUES
(2, 'ID67a91229a0d432.54460126', 'ID67015d92d60128.06247950', 'Mathematics', 'Midterm Test 1 2025', 80, 'A', 'Excellent', 1, 'verified', 1, '2025-03-01 05:29:21'),
(3, 'ID67a91229a0d432.54460126', 'ID67015d92d60128.06247950', 'Programming', 'Midterm Test 1 2025', 70, 'B', 'Very Good', 2, 'verified', 1, '2025-03-01 05:29:21'),
(4, 'ID67a91229a0d432.54460126', 'ID67015d92d60128.06247950', 'Biology', 'Midterm Test 1 2025', 90, 'A', 'Excellent', 1, 'verified', 1, '2025-03-01 05:29:21'),
(5, 'ID67ae146836ddc3.72912548', 'ID67015d92d60128.06247950', 'History', 'Midterm Test 1 2025', 78, 'A', 'Excellent', 1, 'verified', 1, '2025-03-01 05:29:21'),
(6, 'ID67a91229a0d432.54460126', 'ID67015d92d60128.06247950', 'Physics', 'Midterm Test 1 2025', 85, 'A', 'Excellent', 1, 'verified', 1, '2025-03-01 05:29:21'),
(7, 'ID67ae146836ddc3.72912548', 'ID67015d92d60128.06247950', 'Graphics', 'Midterm Test 1 2025', 100, 'A', 'Excellent', 1, 'verified', 1, '2025-03-01 05:29:21'),
(8, 'ID67ae154276b083.96317429', 'ID67015d92d60128.06247950', 'Mathematics', 'Midterm Test 1 2025', 78, 'A', 'Excellent', 1, 'verified', 1, '2025-05-13 20:05:41'),
(9, 'ID67c4679f13f453.33403629', 'ID67015d92d60128.06247950', 'Geography', 'Midterm Test 1 2025', 78, 'A', 'Excellent', 1, 'verified', 0, '2025-05-13 20:05:41'),
(10, 'ID67f4488c571ee7.00401299', 'ID67015d92d60128.06247950', 'Geography', 'Midterm Test 1 2025', 89, 'A', 'Excellent', 1, 'verified', 0, '2025-05-13 20:05:41'),
(11, 'ID67f836609e3590.99352512', 'ID67015c14d07119.50844433', 'Networking', 'Midterm Test 1 2025', 78, 'A', 'Excellent', 1, 'pending', 0, '2025-05-19 04:02:54');

-- --------------------------------------------------------

--
-- Table structure for table `room`
--

CREATE TABLE `room` (
  `id` int(11) NOT NULL,
  `room_name` varchar(255) NOT NULL,
  `capacity` int(10) NOT NULL,
  `school_id` int(11) NOT NULL
) ENGINE=InnoDB DEFAULT CHARSET=utf8mb4 COLLATE=utf8mb4_general_ci;

--
-- Dumping data for table `room`
--

INSERT INTO `room` (`id`, `room_name`, `capacity`, `school_id`) VALUES
(1, 'CLASS 1', 80, 1),
(2, 'class 2', 70, 1),
(3, 'class 3', 100, 1),
(4, 'Aviation', 150, 1),
(5, 'Block 10', 55, 2);

-- --------------------------------------------------------

--
-- Table structure for table `schools`
--

CREATE TABLE `schools` (
  `id` int(11) NOT NULL,
  `school_name` varchar(255) NOT NULL,
  `address` varchar(255) NOT NULL,
  `phone` varchar(20) DEFAULT NULL,
  `email` varchar(255) DEFAULT NULL,
  `school_logo` varchar(255) DEFAULT NULL
) ENGINE=InnoDB DEFAULT CHARSET=utf8mb4 COLLATE=utf8mb4_general_ci;

--
-- Dumping data for table `schools`
--

INSERT INTO `schools` (`id`, `school_name`, `address`, `phone`, `email`, `school_logo`) VALUES
(1, 'Green Valley High School', '123 Green Valley Rd', '1234567890', 'info@greenvalley.edu', NULL),
(2, 'Blue Ocean Academy', '456 Blue Ocean St', '0987654321', 'contact@blueocean.edu', NULL),
(3, 'Sunrise International School', '789 Sunrise Blvd', '1122334455', 'admin@sunrise.edu', NULL);

-- --------------------------------------------------------

--
-- Table structure for table `student`
--

CREATE TABLE `student` (
  `id` int(11) NOT NULL,
  `unique_id` varchar(255) NOT NULL,
  `parent_id` varchar(255) DEFAULT NULL,
  `first_name` varchar(255) DEFAULT NULL,
  `middle_name` varchar(255) DEFAULT NULL,
  `last_name` varchar(255) DEFAULT NULL,
  `gender` varchar(6) DEFAULT NULL,
  `reg_no` varchar(30) DEFAULT NULL,
  `reg_date` date DEFAULT NULL,
  `class` varchar(12) DEFAULT NULL,
  `profile_image` varchar(255) NOT NULL,
  `status` varchar(10) NOT NULL DEFAULT 'active',
  `school_id` int(11) NOT NULL
) ENGINE=InnoDB DEFAULT CHARSET=utf8mb4 COLLATE=utf8mb4_general_ci;

--
-- Dumping data for table `student`
--

INSERT INTO `student` (`id`, `unique_id`, `parent_id`, `first_name`, `middle_name`, `last_name`, `gender`, `reg_no`, `reg_date`, `class`, `profile_image`, `status`, `school_id`) VALUES
(17, 'ID67a91229a0d432.54460126', 'ID67c4e17c4598c4.53489939', 'Maziba', 'Shija', 'Sitta', 'male', 'NIT/BCS/2023/200', '2025-02-09', 'FORM ONE', '', 'active', 1),
(18, 'ID67ae146836ddc3.72912548', 'ID67c4e17c4598c4.53489939', 'Singili', 'Gasamalu', 'Makula', 'male', 'NIT/BCS/2023/201', '2025-02-13', 'FORM ONE', '', 'active', 1),
(19, 'ID67ae154276b083.96317429', NULL, 'Test1', 'Test', 'User', 'female', 'NIT/BCS/2023/204', '2025-02-13', 'FORM ONE', '', 'deleted', 1),
(20, 'ID67c4679f13f453.33403629', 'ID67c351e9e40cc3.57957349', 'Juma', 'Adam', 'Matondo', 'male', '3333', '2025-03-02', 'FORM TWO', '', 'active', 1),
(21, 'ID67f4488c571ee7.00401299', 'ID67e659d7e890d3.16823785', 'Buddy', 'Nyankali', 'Nzige', 'female', 'NIT/BCS/2023/2011', '2025-04-07', 'FORM TWO', '', 'active', 1),
(22, 'ID67f45da24ce1d3.82759712', 'ID67015c14d07119.50844433', 'Kulwa', 'Singili', 'Gasamalu', 'male', 'NIT/BCS/2023/123', '2025-04-08', 'FORM ONE', '', 'active', 1),
(23, 'ID67f46245c4c2d7.53856666', 'ID67f462e3d70d79.32984350', 'Tajiri', 'Miliara', 'Logerieki', 'male', 'NIT/BCS/2023/452', '2025-04-08', 'FORM TWO', '', 'active', 1),
(24, 'ID67f58b4554c6b9.90531333', NULL, 'Silya', 'Shija', 'Sitta', 'female', 'NIT/BCS/2023/234', '2025-04-08', 'FORM TWO', '', 'active', 1),
(25, 'ID67f58b71027772.44734149', NULL, 'Tillu', 'Shija', 'Sitta', 'female', 'NIT/BCS/2023/238', '2025-04-08', 'FORM TWO', '', 'active', 1),
(26, 'ID67f58b88a50b06.82568008', NULL, 'Sibaba', 'Shija', 'Sitta', 'male', 'NIT/BCS/2023/239', '2025-04-08', 'FORM TWO', '', 'active', 1),
(27, 'ID67f58ba9b4c030.85486313', NULL, 'Samalu', 'Shija', 'Sitta', 'male', 'NIT/BCS/2023/240', '2025-04-08', 'FORM TWO', '', 'active', 1),
(28, 'ID67f58c3a427bc7.45396973', NULL, 'Raphael', 'Zacharia', 'Khanga', 'male', 'NIT/BCS/2023/241', '2025-04-08', 'FORM TWO', '', 'active', 1),
(29, 'ID67f836609e3590.99352512', 'ID67f83dbe62a793.23871577', 'Daudi', 'Nzumbi', 'Daudi', 'male', 'NIT/BCS/2023/248', '2025-04-10', 'FORM TWO', '', 'active', 2),
(30, 'ID67f8371eb5f635.07730886', 'ID67f83d9f368868.21446556', 'Frank', 'Samwel', 'Abraham', 'male', 'NIT/BCS/2023/2389', '2025-04-10', 'FORM TWO', '', 'active', 2);

-- --------------------------------------------------------

--
-- Table structure for table `student_fees`
--

CREATE TABLE `student_fees` (
  `id` int(11) NOT NULL,
  `student_id` varchar(255) NOT NULL,
  `total_amount` decimal(10,2) NOT NULL,
  `balance` decimal(10,2) NOT NULL,
  `term` varchar(50) DEFAULT NULL,
  `year` year(4) DEFAULT NULL,
  `created_at` timestamp NOT NULL DEFAULT current_timestamp()
) ENGINE=InnoDB DEFAULT CHARSET=utf8mb4 COLLATE=utf8mb4_general_ci;

--
-- Dumping data for table `student_fees`
--

INSERT INTO `student_fees` (`id`, `student_id`, `total_amount`, `balance`, `term`, `year`, `created_at`) VALUES
(1, '1', 500.00, 500.00, 'Fall', '2025', '2025-04-10 23:13:22'),
(2, '1', 500.00, 500.00, 'Fall', '2025', '2025-04-10 23:13:24'),
(3, '1', 500.00, 500.00, 'Fall', '2025', '2025-04-10 23:15:37'),
(4, '1', 500.00, 500.00, 'Fall', '2025', '2025-04-10 23:15:38'),
(5, '1', 500.00, 500.00, 'Fall', '2025', '2025-04-10 23:15:38'),
(6, '1', 500.00, 500.00, 'Fall', '2025', '2025-04-10 23:15:38'),
(7, '1', 500.00, 500.00, 'Fall', '2025', '2025-04-10 23:15:38'),
(8, '1', 500.00, 500.00, 'Fall', '2025', '2025-04-10 23:15:39');

-- --------------------------------------------------------

--
-- Table structure for table `subjects`
--

CREATE TABLE `subjects` (
  `id` int(11) NOT NULL,
  `sub_name` varchar(255) NOT NULL,
  `category` varchar(255) DEFAULT NULL,
  `school_id` int(11) NOT NULL
) ENGINE=InnoDB DEFAULT CHARSET=utf8mb4 COLLATE=utf8mb4_general_ci;

--
-- Dumping data for table `subjects`
--

INSERT INTO `subjects` (`id`, `sub_name`, `category`, `school_id`) VALUES
(2, 'Physics', 'science', 1),
(7, 'Geography', 'science', 1),
(8, 'Programming', 'science', 1),
(20, 'Biology', 'Science', 1),
(21, 'Mathematics', 'Science', 1),
(25, 'Graphics', 'Science', 1),
(28, 'Networking', 'Science', 2);

-- --------------------------------------------------------

--
-- Table structure for table `subject_category`
--

CREATE TABLE `subject_category` (
  `id` int(11) NOT NULL,
  `category` varchar(255) NOT NULL,
  `school_id` int(11) NOT NULL
) ENGINE=InnoDB DEFAULT CHARSET=utf8mb4 COLLATE=utf8mb4_general_ci;

--
-- Dumping data for table `subject_category`
--

INSERT INTO `subject_category` (`id`, `category`, `school_id`) VALUES
(1, 'Science', 1),
(2, 'Arts', 1),
(3, 'Religion', 1),
(4, 'Commercial', 1),
(5, 'Language', 1);

-- --------------------------------------------------------

--
-- Table structure for table `timetable`
--

CREATE TABLE `timetable` (
  `id` int(11) NOT NULL,
  `teacher_id` varchar(255) NOT NULL,
  `subject_id` int(11) NOT NULL,
  `room_id` varchar(255) DEFAULT NULL,
  `class_id` int(11) NOT NULL,
  `day` varchar(255) NOT NULL,
  `time_slots` varchar(20) DEFAULT NULL,
  `timetable_type` varchar(255) NOT NULL,
  `date` varchar(30) DEFAULT NULL,
  `exam_id` int(11) DEFAULT NULL,
  `yos` varchar(20) NOT NULL,
  `school_id` int(11) NOT NULL
) ENGINE=InnoDB DEFAULT CHARSET=utf8mb4 COLLATE=utf8mb4_general_ci;

--
-- Dumping data for table `timetable`
--

INSERT INTO `timetable` (`id`, `teacher_id`, `subject_id`, `room_id`, `class_id`, `day`, `time_slots`, `timetable_type`, `date`, `exam_id`, `yos`, `school_id`) VALUES
(209, 'ID67e659d7e890d3.16823785', 0, '1', 0, 'wednesday', '10:00 AM - 11:00 AM', 'class', NULL, NULL, '', 1),
(210, 'ID67e659d7e890d3.16823785', 0, '1', 0, 'friday', '11:00 AM - 12:00 PM', 'class', NULL, NULL, '', 1),
(211, 'ID67e659d7e890d3.16823785', 2, '1', 1, 'saturday', '9:00 AM - 10:00 AM', 'class', NULL, NULL, '', 1),
(212, 'ID67e659d7e890d3.16823785', 2, '1', 1, 'sunday', '10:00 AM - 11:00 AM', 'class', NULL, NULL, '', 1),
(213, 'ID67e659d7e890d3.16823785', 2, '1', 1, 'monday', '11:00 AM - 12:00 PM', 'class', NULL, NULL, '', 1),
(214, 'ID67e659d7e890d3.16823785', 2, '1', 1, 'tuesday', '11:00 AM - 12:00 PM', 'class', NULL, NULL, '', 1),
(215, 'ID67e659d7e890d3.16823785', 2, '1', 1, 'saturday', '11:00 AM - 12:00 PM', 'class', NULL, NULL, '', 1),
(216, 'ID67e659d7e890d3.16823785', 2, '1', 1, 'sunday', '11:00 AM - 12:00 PM', 'class', NULL, NULL, '', 1),
(217, 'ID67e659d7e890d3.16823785', 2, '1', 1, 'wednesday', '12:00 PM - 1:00 PM', 'class', NULL, NULL, '', 1),
(218, 'ID67e659d7e890d3.16823785', 2, '1', 1, 'friday', '12:00 PM - 1:00 PM', 'class', NULL, NULL, '', 1),
(219, 'ID67e659d7e890d3.16823785', 2, '1', 1, 'wednesday', '1:00 PM - 2:00 PM', 'class', NULL, NULL, '', 1),
(220, 'ID67f59c637e3f92.78061388', 8, '4', 5, 'monday', '9:00 AM - 10:00 AM', 'class', NULL, NULL, '', 1),
(224, 'ID67f59c637e3f92.78061388', 8, '4', 5, 'sunday', '11:00 AM - 12:00 PM', 'class', NULL, NULL, '', 1),
(225, 'ID67f59c637e3f92.78061388', 8, '4', 5, 'wednesday', '12:00 PM - 1:00 PM', 'class', NULL, NULL, '', 1),
(226, 'ID67f59c637e3f92.78061388', 8, '4', 5, 'saturday', '1:00 PM - 2:00 PM', 'class', NULL, NULL, '', 1),
(227, 'ID67f59c637e3f92.78061388', 8, '4', 5, 'sunday', '1:00 PM - 2:00 PM', 'class', NULL, NULL, '', 1),
(228, 'ID67f59c9a398433.41583407', 0, '1', 0, 'thursday', '8:00 AM - 9:00 AM', 'class', NULL, NULL, '', 1),
(229, 'ID67f59c9a398433.41583407', 8, '2', 2, 'monday', '9:00 AM - 10:00 AM', 'class', NULL, NULL, '', 1),
(230, 'ID67f59c9a398433.41583407', 8, '2', 2, 'friday', '9:00 AM - 10:00 AM', 'class', NULL, NULL, '', 1),
(231, 'ID67f59c9a398433.41583407', 8, '2', 2, 'wednesday', '10:00 AM - 11:00 AM', 'class', NULL, NULL, '', 1),
(232, 'ID67f59c9a398433.41583407', 8, '2', 2, 'thursday', '11:00 AM - 12:00 PM', 'class', NULL, NULL, '', 1),
(233, 'ID67f59c9a398433.41583407', 8, '2', 2, 'wednesday', '12:00 PM - 1:00 PM', 'class', NULL, NULL, '', 1),
(234, 'ID67f59da3693db5.05978014', 8, '3', 1, 'monday', '9:00 AM - 10:00 AM', 'class', NULL, NULL, '', 1),
(235, 'ID67f59da3693db5.05978014', 8, '3', 1, 'tuesday', '9:00 AM - 10:00 AM', 'class', NULL, NULL, '', 1),
(236, 'ID67f59da3693db5.05978014', 8, '3', 1, 'tuesday', '10:00 AM - 11:00 AM', 'class', NULL, NULL, '', 1),
(237, 'ID67f59da3693db5.05978014', 8, '3', 1, 'monday', '12:00 PM - 1:00 PM', 'class', NULL, NULL, '', 1),
(238, 'ID67fc4c7d750d00.93886171', 28, '5', 4, 'monday', '8:00 AM - 9:00 AM', 'class', NULL, NULL, '', 2),
(239, 'ID67fc4c7d750d00.93886171', 28, '5', 4, 'wednesday', '9:00 AM - 10:00 AM', 'class', NULL, NULL, '', 2),
(240, 'ID67fc4c7d750d00.93886171', 28, '5', 4, 'thursday', '9:00 AM - 10:00 AM', 'class', NULL, NULL, '', 2),
(241, 'ID67fc4c7d750d00.93886171', 28, '5', 4, 'sunday', '9:00 AM - 10:00 AM', 'class', NULL, NULL, '', 2),
(242, 'ID67fc4c7d750d00.93886171', 28, '5', 4, 'monday', '10:00 AM - 11:00 AM', 'class', NULL, NULL, '', 2),
(243, 'ID67fc4c7d750d00.93886171', 28, '5', 4, 'tuesday', '10:00 AM - 11:00 AM', 'class', NULL, NULL, '', 2),
(244, 'ID67fc4c7d750d00.93886171', 28, '5', 4, 'friday', '10:00 AM - 11:00 AM', 'class', NULL, NULL, '', 2),
(245, 'ID67fc4c7d750d00.93886171', 28, '5', 4, 'wednesday', '11:00 AM - 12:00 PM', 'class', NULL, NULL, '', 2),
(246, 'ID67fc4c7d750d00.93886171', 28, '5', 4, 'saturday', '11:00 AM - 12:00 PM', 'class', NULL, NULL, '', 2),
(247, 'ID67fc4c7d750d00.93886171', 28, '5', 4, 'thursday', '12:00 PM - 1:00 PM', 'class', NULL, NULL, '', 2),
(248, 'ID67fc4c7d750d00.93886171', 28, '5', 4, 'sunday', '1:00 PM - 2:00 PM', 'class', NULL, NULL, '', 2);

-- --------------------------------------------------------

--
-- Table structure for table `users`
--

CREATE TABLE `users` (
  `id` int(11) NOT NULL,
  `unique_id` varchar(255) NOT NULL,
  `first_name` varchar(255) NOT NULL,
  `last_name` varchar(255) NOT NULL,
  `email_address` varchar(255) NOT NULL,
  `gender` varchar(10) NOT NULL,
  `password` varchar(255) NOT NULL,
  `profile_image` varchar(255) DEFAULT 'default_profile.svg',
  `role` varchar(255) NOT NULL DEFAULT 'teacher',
  `change_password_attemts` int(20) NOT NULL DEFAULT 0,
  `school_id` int(11) NOT NULL
) ENGINE=InnoDB DEFAULT CHARSET=utf8mb4 COLLATE=utf8mb4_general_ci;

--
-- Dumping data for table `users`
--

INSERT INTO `users` (`id`, `unique_id`, `first_name`, `last_name`, `email_address`, `gender`, `password`, `profile_image`, `role`, `change_password_attemts`, `school_id`) VALUES
(1, 'ID123456789', 'Nkinda', 'Sitta', 'shija0105@gmail.com', 'male', '$2y$10$LHtsWeoJSBbImcKNBZvvYO11Vlir93F9UFwRUA.6xyLiLk/qWDJn.', 'SHIMILE logo on grasses.png', 'superadmin', 0, 0),
(3, 'ID67015c14d07119.50844433', 'Singili', 'Makula', 'singili@gmail.com', 'male', '$2y$10$xKhjwpOK/aJqGkuIMgBB3eZa2hjv.UU.T6u8eEYWldgnyMJyNRmWG', 'Screenshot 2025-02-06 213305.png', 'admin', 0, 2),
(4, 'ID67015d92d60128.06247950', 'Kushaha', 'Shija', 'kushaha@gmail.com', 'male', '$2y$10$RLedlBTL7g1RpEwFnf1JseVnFoXGzuGYLbbm6AWDQr0HUpJh1Lupu', 'a man Working out 3.jpg', 'admin', 0, 1),
(6, 'ID67c351e9e40cc3.57957349', 'Adam', 'Matondo', 'adam@gmail.com', 'male', '$2y$10$/HzNsNqaV6pniKPmKhPeiO7PITFbxQOYiNSTeI/QAkcCz9SpfoJ4m', 'SHIMILE2.png', 'parent', 0, 1),
(7, 'ID67c366ad101621.09100774', 'Juma', 'Mgunda', 'mgunda@gmail.com', 'male', '$2y$10$akCU8oWsdr7NyieEbnIseOBGXauDypfeK8qsT6gJR7fox4P3thjbO', 'PROFILE_IMAGE', 'deleted', 0, 1),
(9, 'ID67c46b5f3d8c86.40326566', 'test', 'user', 'test@gmail.com', 'male', '$2y$10$rFomZ0v7sjDmOTyGOomf8OkOmXTztznRyGL96tyb8io.NXQPjMhJa', 'img39.jpg', 'parent', 0, 1),
(10, 'ID67c46f1e9d8487.88084010', 'Adam', 'Matondo', 'adam@gmail.com', 'male', '$2y$10$/HzNsNqaV6pniKPmKhPeiO7PITFbxQOYiNSTeI/QAkcCz9SpfoJ4m', NULL, 'parent', 0, 1),
(11, 'ID67c472046e6459.22521429', 'Shija', 'Mboje', 'shijamboje@gmail.com', 'male', '$2y$10$lJuYRIsY65gfr3RqvrzlzuAWkRstcbofUaioQCfDEx/Siks1.yIOC', NULL, 'parent', 0, 1),
(12, 'ID67c4debf3119d4.12936218', 'Shija', 'Mboje', 'shijamboje@gmail.com', 'male', '$2y$10$HzB.r43rChddHFg2vwI8wuNMqQN6peMsMTRFdXUNEu9XXjASSo8IO', NULL, 'parent', 0, 1),
(13, 'ID67c4e17c4598c4.53489939', 'Adam', 'Matondo', 'shija@gmail.com', 'male', '$2y$10$678i6gxYC7S85eBjgZaR7ew/F83dhfXT2OD9Z3daHXBw/500KUv9S', NULL, 'parent', 1, 1),
(14, 'ID67c4e17c8db204.99374017', 'Shija', 'Mboje', 'shija@gmail.com', 'male', '$2y$10$QBr9qfq3PISn6tWwLZIlpOuB8CjOBNQIoOuC5FNK51Qo5UtmxLnuK', NULL, 'parent', 0, 1),
(15, 'ID67c4e21ea95843.78450904', 'Adam', 'Matondo', 'adam@gmail.com', 'male', '$2y$10$/HzNsNqaV6pniKPmKhPeiO7PITFbxQOYiNSTeI/QAkcCz9SpfoJ4m', NULL, 'parent', 0, 1),
(16, 'ID67e5a4366069a7.55454109', 'gfjgh', 'hjkh', 'cvnhjv@g.fg', 'male', '$2y$10$oWL9wzfcIiRNrLP3am.2dORQKF7HPdA5I6e0ihuTCSp7d3Piz3PQK', 'PROFILE_IMAGE', 'deleted', 0, 1),
(18, 'ID67e659d7e890d3.16823785', 'Maige', 'Sitta', 'maige@gmail.com', '', '$2y$10$Yc3.TsxGMPkoCyLUQFQPpu0BDRgWye3D7xebxMC4uYU4a1IIgET..', 'SHIMILE LOGO.png', 'admin', 0, 1),
(20, 'ID67015c14d07119.50844433', 'Singili', 'Makula', 'singili@gmail.com', 'male', '$2y$10$xDziPZrJi9a0fA7taUVKDe9Az6Nn/HATd5n.TxnqYoIy7AS/xE5/i', 'Screenshot 2025-02-06 213305.png', 'parent', 0, 1),
(22, 'ID67f462e3d70d79.32984350', 'Miliara', 'Logerieki', 'miliara@gmail.com', 'male', '$2y$10$Qxm7OaVh9eonLoo9SvwjZePFDArrMnHin0wi0PxizFLMtWqXvsk9G', NULL, 'parent', 0, 1),
(23, 'ID67f59c637e3f92.78061388', 'Peter', 'Mwakalinga', 'mwakalinga@gmail.com', 'male', '$2y$10$ZSsVxTulTdJZVdznIBhM9OQquCbqo6fFXwv8bDICOBi4JTrxVtwU.', 'default_profile.svg', 'teacher', 0, 1),
(24, 'ID67f59c9a398433.41583407', 'Victor', 'Nkwera', 'nkwera@gmail.com', 'male', '$2y$10$es6B.Rl0Ve9Gccu08vzTj.dNo/uDqpjsQpQhMoGgd1YLXsc5SmYne', 'default_profile.svg', 'teacher', 0, 1),
(25, 'ID67f59ccd727a04.00539020', 'Mike', 'Kakwaya', 'mike@gmail.com', 'male', '$2y$10$Lq5K9lxZRxo7YtE3w9hq7Oi7wMR9dqM79a0jQNlNgjsQsTfKYXj0O', 'default_profile.svg', 'deleted', 0, 1),
(26, 'ID67f59d3f192ae9.42242083', 'Maulid', 'Shafii', 'shafii@gmail.com', 'male', '$2y$10$uyhWIsKiY0Ax24JTPUqZLuHvqXHT7f8lKpgWVRGocwpAflABIBm2.', 'default_profile.svg', 'deleted', 0, 1),
(27, 'ID67f59d65afc469.58958321', 'Eunice', 'Mkwasi', 'mkwasi@gmail.com', 'female', '$2y$10$SFCX6ww8URZ7E.6oUjH5e.Itbq9pKhFWGKqT6g4iMIUeZVT00w9CO', 'default_profile.svg', 'deleted', 0, 1),
(28, 'ID67f59da3693db5.05978014', 'Laurent', 'Haule', 'haule@gmail.com', 'male', '$2y$10$TyRE95xMa6z4WFACTEcAVuxdIiHdMB7z39vX0CvgqCa69sc32jAue', 'default_profile.svg', 'teacher', 0, 1),
(29, 'ID67f59dea50d774.95785441', 'Ponsiono', 'Mamboleo', 'mamboleo@gmail.com', 'male', '$2y$10$CiEOPiPHDBbn6hTi5RaoFO6/pz7WYMZqCJ.v5ariShQQ3oT4u4ni.', 'default_profile.svg', 'teacher', 0, 1),
(30, 'ID67f59f0164f049.45244214', 'Benald', 'Hayuma', 'hayuma@gmail.com', 'male', '$2y$10$6zXaRLamOUsrIR44TV7QVOaewRqrN5i4ICoJ7iHkmj5EawBMAHLcm', 'Screenshot 2025-02-13 124337.png', 'deleted', 0, 1),
(31, 'ID67f83d9f368868.21446556', 'Samwel', 'Abraham', 'samwel@gmail.com', 'male', '$2y$10$i1sjWtRUEmXCuLFU4BwOHOt1XSLD2niLmocw6Nz9DDS9xiaAV3bBO', NULL, 'parent', 0, 2),
(32, 'ID67f83dbe62a793.23871577', 'Nzumbi', 'Maduhu', 'nzumbi@gmail.com', 'male', '$2y$10$l7ACUh1kSGIsCQvzXmVNpO7hHbnhxpaeFMfPmytFS0RxZTCRD4Hxy', NULL, 'parent', 0, 2),
(33, 'ID67fc4c7d750d00.93886171', 'Kennedy', 'Kayinga', 'kennedy@gmail.com', 'male', '$2y$10$tL9rHPCRs3hep6qnlXctsuEX21z5zFnlJkWrlcgKilnfo3uz7l27.', 'default_profile.svg', 'teacher', 0, 2);

--
-- Indexes for dumped tables
--

--
-- Indexes for table `attendance`
--
ALTER TABLE `attendance`
  ADD PRIMARY KEY (`id`);

--
-- Indexes for table `class`
--
ALTER TABLE `class`
  ADD PRIMARY KEY (`id`);

--
-- Indexes for table `exam`
--
ALTER TABLE `exam`
  ADD PRIMARY KEY (`id`);

--
-- Indexes for table `fee_categories`
--
ALTER TABLE `fee_categories`
  ADD PRIMARY KEY (`id`);

--
-- Indexes for table `fee_payments`
--
ALTER TABLE `fee_payments`
  ADD PRIMARY KEY (`id`),
  ADD KEY `student_fee_id` (`student_fee_id`);

--
-- Indexes for table `login_history`
--
ALTER TABLE `login_history`
  ADD PRIMARY KEY (`id`);

--
-- Indexes for table `parent`
--
ALTER TABLE `parent`
  ADD PRIMARY KEY (`id`);

--
-- Indexes for table `results`
--
ALTER TABLE `results`
  ADD PRIMARY KEY (`id`);

--
-- Indexes for table `room`
--
ALTER TABLE `room`
  ADD PRIMARY KEY (`id`);

--
-- Indexes for table `schools`
--
ALTER TABLE `schools`
  ADD PRIMARY KEY (`id`);

--
-- Indexes for table `student`
--
ALTER TABLE `student`
  ADD PRIMARY KEY (`id`);

--
-- Indexes for table `student_fees`
--
ALTER TABLE `student_fees`
  ADD PRIMARY KEY (`id`);

--
-- Indexes for table `subjects`
--
ALTER TABLE `subjects`
  ADD PRIMARY KEY (`id`);

--
-- Indexes for table `subject_category`
--
ALTER TABLE `subject_category`
  ADD PRIMARY KEY (`id`);

--
-- Indexes for table `timetable`
--
ALTER TABLE `timetable`
  ADD PRIMARY KEY (`id`);

--
-- Indexes for table `users`
--
ALTER TABLE `users`
  ADD PRIMARY KEY (`id`);

--
-- AUTO_INCREMENT for dumped tables
--

--
-- AUTO_INCREMENT for table `attendance`
--
ALTER TABLE `attendance`
  MODIFY `id` int(11) NOT NULL AUTO_INCREMENT, AUTO_INCREMENT=113;

--
-- AUTO_INCREMENT for table `class`
--
ALTER TABLE `class`
  MODIFY `id` int(11) NOT NULL AUTO_INCREMENT, AUTO_INCREMENT=7;

--
-- AUTO_INCREMENT for table `exam`
--
ALTER TABLE `exam`
  MODIFY `id` int(11) NOT NULL AUTO_INCREMENT, AUTO_INCREMENT=7;

--
-- AUTO_INCREMENT for table `fee_categories`
--
ALTER TABLE `fee_categories`
  MODIFY `id` int(11) NOT NULL AUTO_INCREMENT, AUTO_INCREMENT=10;

--
-- AUTO_INCREMENT for table `fee_payments`
--
ALTER TABLE `fee_payments`
  MODIFY `id` int(11) NOT NULL AUTO_INCREMENT, AUTO_INCREMENT=9;

--
-- AUTO_INCREMENT for table `login_history`
--
ALTER TABLE `login_history`
  MODIFY `id` int(11) NOT NULL AUTO_INCREMENT, AUTO_INCREMENT=237;

--
-- AUTO_INCREMENT for table `parent`
--
ALTER TABLE `parent`
  MODIFY `id` int(11) NOT NULL AUTO_INCREMENT, AUTO_INCREMENT=21;

--
-- AUTO_INCREMENT for table `results`
--
ALTER TABLE `results`
  MODIFY `id` int(11) NOT NULL AUTO_INCREMENT, AUTO_INCREMENT=12;

--
-- AUTO_INCREMENT for table `room`
--
ALTER TABLE `room`
  MODIFY `id` int(11) NOT NULL AUTO_INCREMENT, AUTO_INCREMENT=6;

--
-- AUTO_INCREMENT for table `schools`
--
ALTER TABLE `schools`
  MODIFY `id` int(11) NOT NULL AUTO_INCREMENT, AUTO_INCREMENT=4;

--
-- AUTO_INCREMENT for table `student`
--
ALTER TABLE `student`
  MODIFY `id` int(11) NOT NULL AUTO_INCREMENT, AUTO_INCREMENT=31;

--
-- AUTO_INCREMENT for table `student_fees`
--
ALTER TABLE `student_fees`
  MODIFY `id` int(11) NOT NULL AUTO_INCREMENT, AUTO_INCREMENT=9;

--
-- AUTO_INCREMENT for table `subjects`
--
ALTER TABLE `subjects`
  MODIFY `id` int(11) NOT NULL AUTO_INCREMENT, AUTO_INCREMENT=29;

--
-- AUTO_INCREMENT for table `timetable`
--
ALTER TABLE `timetable`
  MODIFY `id` int(11) NOT NULL AUTO_INCREMENT, AUTO_INCREMENT=249;

--
-- AUTO_INCREMENT for table `users`
--
ALTER TABLE `users`
  MODIFY `id` int(11) NOT NULL AUTO_INCREMENT, AUTO_INCREMENT=34;

--
-- Constraints for dumped tables
--

--
-- Constraints for table `fee_payments`
--
ALTER TABLE `fee_payments`
  ADD CONSTRAINT `fee_payments_ibfk_1` FOREIGN KEY (`student_fee_id`) REFERENCES `student_fees` (`id`) ON DELETE CASCADE;
COMMIT;

/*!40101 SET CHARACTER_SET_CLIENT=@OLD_CHARACTER_SET_CLIENT */;
/*!40101 SET CHARACTER_SET_RESULTS=@OLD_CHARACTER_SET_RESULTS */;
/*!40101 SET COLLATION_CONNECTION=@OLD_COLLATION_CONNECTION */;
